txn_id,txn_date,amount,description,code,country_code,counterparty_number,counterparty_name
0,2024-11-06,2496.005115574733,grocery shopping apple,TXN002,IT,ACC2047,Tech Corp
1,2024-04-04,4604.05425679231,bought banana at store,TXN002,IT,ACC4103,Tech Corp
2,2024-02-09,4656.641439983907,bought banana at store,PAY001,IT,ACC6426,Food Store Inc
3,2024-06-30,3689.6568632126387,grocery shopping apple,PAY001,DE,ACC3539,Food Store Inc
4,2024-12-29,2852.2064271126083,grocery shopping apple,TXN002,ES,ACC9945,Market Ltd
5,2024-07-15,3811.019635982431,payment for services,TXN002,DE,ACC4584,Tech Corp
6,2024-05-25,3200.4925803465435,grocery shopping apple,TXN002,IT,ACC9250,Market Ltd
7,2024-02-15,4420.430086553612,bought banana at store,TXN001,IT,ACC8968,Food Store Inc
8,2024-07-25,3283.1009752335353,grocery shopping apple,PAY001,DE,ACC8004,Market Ltd
9,2024-06-10,1426.9056546994416,payment for services,PAY001,FR,ACC9179,Market Ltd
10,2024-07-02,875.3487734140768,grocery shopping apple,PAY001,DE,ACC5235,Tech Corp
11,2024-03-28,182.74139768513518,bought banana at store,TXN002,ES,ACC8513,Tech Corp
12,2024-02-29,2428.4250301482275,payment for services,TXN001,ES,ACC5828,Market Ltd
13,2024-01-25,4780.4720888743095,payment for services,TXN001,IT,ACC9848,Tech Corp
14,2024-04-12,1549.0418748833333,payment for services,TXN001,DE,ACC2879,Market Ltd
15,2024-08-10,2769.647490952326,grocery shopping apple,TXN002,DE,ACC3651,Food Store Inc
16,2024-09-19,1556.7910964797186,payment for services,TXN002,DE,ACC1739,Food Store Inc
17,2024-04-18,3822.082664540489,grocery shopping apple,TXN002,IT,ACC8205,Food Store Inc
18,2024-09-20,460.5889634541439,payment for services,PAY001,FR,ACC5806,Tech Corp
19,2024-01-06,3564.5854287483926,bought banana at store,TXN001,ES,ACC3947,Market Ltd
20,2024-03-13,464.92406200818647,payment for services,TXN002,ES,ACC8471,Market Ltd
21,2024-08-10,1756.7740835736827,grocery shopping apple,PAY001,IT,ACC4788,Tech Corp
22,2024-06-26,122.63089142422247,grocery shopping apple,TXN002,ES,ACC3609,Market Ltd
23,2024-02-10,1131.380524388669,payment for services,TXN001,ES,ACC8263,Food Store Inc
24,2024-03-10,4853.802821342246,grocery shopping apple,TXN002,FR,ACC7581,Market Ltd
25,2024-07-12,1113.2585792387072,bought banana at store,TXN001,IT,ACC9460,Food Store Inc
26,2024-09-04,4282.904631022109,grocery shopping apple,TXN001,ES,ACC8014,Market Ltd
27,2024-06-14,4696.527602015196,bought banana at store,TXN001,IT,ACC7139,Market Ltd
28,2024-10-14,606.0147536463128,payment for services,TXN001,ES,ACC2669,Tech Corp
29,2024-12-31,4196.141045486288,bought banana at store,TXN002,FR,ACC3080,Market Ltd
30,2024-12-13,2754.745798794534,grocery shopping apple,TXN002,IT,ACC9294,Market Ltd
31,2024-07-10,3849.0429885273556,grocery shopping apple,TXN002,DE,ACC8916,Tech Corp
32,2024-07-04,753.2645914286514,grocery shopping apple,TXN002,FR,ACC1192,Food Store Inc
33,2024-09-17,1643.3188585840405,bought banana at store,PAY001,ES,ACC8232,Food Store Inc
34,2024-03-28,3176.5458511221645,bought banana at store,TXN002,DE,ACC4616,Tech Corp
35,2024-07-26,2343.7823408902054,payment for services,PAY001,FR,ACC1024,Market Ltd
36,2024-10-01,428.0783165252889,payment for services,TXN002,DE,ACC5650,Tech Corp
37,2024-11-26,2608.2300464249993,grocery shopping apple,PAY001,FR,ACC6770,Tech Corp
38,2024-10-06,574.4679244064065,payment for services,TXN002,DE,ACC4869,Food Store Inc
39,2024-07-02,1170.6945590632972,payment for services,TXN002,ES,ACC5803,Tech Corp
40,2024-01-20,231.8471604671735,payment for services,TXN002,ES,ACC8255,Tech Corp
41,2024-05-26,3544.510716641742,grocery shopping apple,TXN002,DE,ACC2470,Food Store Inc
42,2024-10-11,1508.4671779167377,grocery shopping apple,PAY001,IT,ACC3216,Market Ltd
43,2024-08-08,4732.786247205924,bought banana at store,TXN002,DE,ACC8639,Food Store Inc
44,2024-05-10,528.0842253990828,payment for services,PAY001,FR,ACC2471,Market Ltd
45,2024-09-05,2376.0422461217427,payment for services,TXN002,ES,ACC6702,Food Store Inc
46,2024-03-04,560.1083144641038,bought banana at store,TXN002,ES,ACC4363,Market Ltd
47,2024-04-03,4126.200880904424,payment for services,TXN002,DE,ACC6340,Market Ltd
48,2024-06-30,2184.2912953799782,bought banana at store,TXN002,IT,ACC3324,Market Ltd
49,2024-02-26,86.3623775876212,grocery shopping apple,TXN001,FR,ACC8685,Market Ltd
50,2024-11-26,4639.902351046972,bought banana at store,TXN002,ES,ACC4281,Market Ltd
51,2024-12-31,1082.1013470237774,bought banana at store,PAY001,IT,ACC3193,Market Ltd
52,2024-03-24,2086.385380986436,bought banana at store,TXN001,FR,ACC6978,Food Store Inc
53,2024-03-05,4383.651405868129,bought banana at store,TXN002,DE,ACC4254,Market Ltd
54,2024-11-07,844.6474712872337,grocery shopping apple,PAY001,IT,ACC6783,Tech Corp
55,2024-05-25,2177.30411661049,grocery shopping apple,PAY001,ES,ACC6230,Food Store Inc
56,2024-05-22,4588.260766803809,grocery shopping apple,TXN001,DE,ACC6575,Food Store Inc
57,2024-01-26,3441.9392770304253,grocery shopping apple,PAY001,ES,ACC9878,Market Ltd
58,2024-07-31,3210.124778940318,bought banana at store,PAY001,IT,ACC6838,Tech Corp
59,2024-12-12,3770.5176749345687,grocery shopping apple,TXN002,ES,ACC6326,Tech Corp
60,2024-05-30,2683.322183839716,grocery shopping apple,TXN002,ES,ACC3193,Food Store Inc
61,2024-08-05,3786.7733268384804,grocery shopping apple,TXN001,ES,ACC3164,Food Store Inc
62,2024-07-30,783.0889195938257,grocery shopping apple,TXN001,DE,ACC9851,Tech Corp
63,2024-12-04,1441.4874254386275,bought banana at store,TXN002,DE,ACC8640,Food Store Inc
64,2024-05-23,619.9834581995912,bought banana at store,PAY001,FR,ACC5853,Food Store Inc
65,2024-06-18,1656.9985396582265,payment for services,TXN002,IT,ACC8215,Food Store Inc
66,2024-06-26,3809.8839562077756,payment for services,TXN001,ES,ACC5666,Food Store Inc
67,2024-01-11,1316.1621879016052,grocery shopping apple,PAY001,ES,ACC1491,Market Ltd
68,2024-05-21,615.4392386100818,grocery shopping apple,PAY001,DE,ACC5226,Market Ltd
69,2024-05-04,3496.6033624516926,payment for services,PAY001,FR,ACC4807,Tech Corp
70,2024-07-26,4634.852077130499,payment for services,TXN001,IT,ACC9640,Tech Corp
71,2024-09-24,2485.358463207592,bought banana at store,TXN001,ES,ACC9034,Food Store Inc
72,2024-05-08,639.3211882078433,bought banana at store,TXN002,FR,ACC5001,Tech Corp
73,2024-09-25,2278.0327978757705,bought banana at store,PAY001,ES,ACC4275,Market Ltd
74,2024-08-13,3726.598586821221,payment for services,TXN002,IT,ACC6961,Tech Corp
75,2024-10-22,127.86359370770208,grocery shopping apple,TXN002,ES,ACC2563,Tech Corp
76,2024-02-04,1091.4545132246938,grocery shopping apple,TXN002,DE,ACC1067,Tech Corp
77,2024-05-04,3369.7107241734566,grocery shopping apple,TXN001,ES,ACC1209,Market Ltd
78,2024-03-19,1267.8917840166296,grocery shopping apple,TXN001,FR,ACC7596,Tech Corp
79,2024-02-05,996.7123054289722,payment for services,TXN001,FR,ACC3571,Tech Corp
80,2024-08-31,4851.415337381714,payment for services,PAY001,DE,ACC4414,Food Store Inc
81,2024-02-17,1076.3734567873266,bought banana at store,TXN002,IT,ACC8026,Food Store Inc
82,2024-01-14,2039.8565094950704,bought banana at store,TXN001,ES,ACC7303,Tech Corp
83,2024-03-13,1924.6889700800043,payment for services,PAY001,FR,ACC3239,Food Store Inc
84,2024-03-11,3337.9491974333146,bought banana at store,PAY001,ES,ACC5120,Tech Corp
85,2024-08-13,109.73788165504392,payment for services,TXN002,DE,ACC7416,Food Store Inc
86,2024-01-30,2937.665496475489,payment for services,PAY001,ES,ACC2722,Market Ltd
87,2024-06-19,4419.914193339806,bought banana at store,TXN002,DE,ACC9494,Tech Corp
88,2024-08-15,1732.2119111761867,bought banana at store,TXN001,IT,ACC8526,Market Ltd
89,2024-07-07,3534.021980938337,bought banana at store,PAY001,IT,ACC3157,Food Store Inc
90,2024-11-02,749.5787473616048,grocery shopping apple,PAY001,FR,ACC3623,Tech Corp
91,2024-03-13,160.23065654838706,payment for services,PAY001,ES,ACC2317,Market Ltd
92,2024-02-04,1652.6695701935046,bought banana at store,PAY001,FR,ACC5272,Market Ltd
93,2024-02-11,763.7059626240596,payment for services,TXN001,FR,ACC2622,Market Ltd
94,2024-01-14,3264.3988889679017,bought banana at store,TXN002,FR,ACC1202,Tech Corp
95,2024-12-11,4310.53210971561,bought banana at store,PAY001,IT,ACC3451,Food Store Inc
96,2024-06-28,4502.738184742888,bought banana at store,TXN001,FR,ACC2130,Food Store Inc
97,2024-05-13,2304.5145440066894,payment for services,TXN001,ES,ACC8586,Market Ltd
98,2024-07-16,2319.3673088299297,payment for services,TXN002,FR,ACC4182,Food Store Inc
99,2024-03-02,1357.9193321928597,grocery shopping apple,PAY001,FR,ACC4081,Food Store Inc
100,2024-03-06,311.0681499115217,grocery shopping apple,PAY001,IT,ACC1939,Market Ltd
101,2024-09-13,4601.095582954797,grocery shopping apple,TXN002,FR,ACC7855,Food Store Inc
102,2024-05-22,1046.3418844333228,payment for services,TXN001,FR,ACC8539,Tech Corp
103,2024-01-09,1668.923931831921,payment for services,PAY001,ES,ACC8602,Market Ltd
104,2024-06-06,3135.7164201535925,bought banana at store,TXN002,DE,ACC1884,Market Ltd
105,2024-01-20,338.80274675021496,payment for services,TXN001,IT,ACC9829,Food Store Inc
106,2024-03-15,1708.5580229787151,grocery shopping apple,PAY001,ES,ACC6818,Tech Corp
107,2024-03-18,3328.1238401588944,bought banana at store,TXN002,DE,ACC1454,Market Ltd
108,2024-09-01,3950.9929059313904,grocery shopping apple,TXN002,FR,ACC3047,Market Ltd
109,2024-06-01,2465.0039391941737,payment for services,TXN001,IT,ACC4954,Tech Corp
110,2024-11-28,4474.610690004927,payment for services,PAY001,FR,ACC3994,Market Ltd
111,2024-04-29,2057.052941963725,payment for services,PAY001,ES,ACC1090,Market Ltd
112,2024-03-23,1745.1262547861704,payment for services,TXN001,FR,ACC7685,Tech Corp
113,2024-09-30,784.8936183186605,bought banana at store,PAY001,IT,ACC1225,Tech Corp
114,2024-08-12,3399.674059233208,payment for services,TXN002,IT,ACC9454,Food Store Inc
115,2024-03-16,459.1019403463921,bought banana at store,TXN002,FR,ACC6216,Market Ltd
116,2024-11-30,4309.584158251326,grocery shopping apple,TXN002,FR,ACC9108,Food Store Inc
117,2024-10-07,4076.1662874856975,grocery shopping apple,TXN001,FR,ACC2530,Food Store Inc
118,2024-08-25,4745.720216183548,grocery shopping apple,TXN002,DE,ACC3492,Food Store Inc
119,2024-05-06,4147.226667767983,grocery shopping apple,TXN001,FR,ACC8722,Tech Corp
120,2024-08-28,4362.325150255122,grocery shopping apple,TXN002,FR,ACC4849,Market Ltd
121,2024-09-14,339.71805573243677,payment for services,TXN001,IT,ACC3972,Food Store Inc
122,2024-07-18,884.9269205851418,grocery shopping apple,PAY001,DE,ACC5374,Food Store Inc
123,2024-02-08,1926.8137381180395,payment for services,TXN001,ES,ACC9588,Tech Corp
124,2024-06-07,3825.16738886804,grocery shopping apple,PAY001,IT,ACC9789,Market Ltd
125,2024-03-15,2067.297346031181,payment for services,TXN002,FR,ACC1179,Market Ltd
126,2024-05-19,4866.67188966666,grocery shopping apple,PAY001,IT,ACC2086,Food Store Inc
127,2024-08-22,3655.739945234757,payment for services,PAY001,DE,ACC8564,Food Store Inc
128,2024-01-29,2883.33759193054,payment for services,TXN001,ES,ACC8473,Tech Corp
129,2024-08-22,4388.789534450041,bought banana at store,TXN002,FR,ACC8160,Food Store Inc
130,2024-02-07,541.5853753906802,payment for services,TXN001,ES,ACC4603,Tech Corp
131,2024-07-21,130.7201586834509,grocery shopping apple,PAY001,DE,ACC3701,Food Store Inc
132,2024-09-17,2511.754539654488,payment for services,PAY001,FR,ACC5943,Tech Corp
133,2024-06-13,2985.913176574192,bought banana at store,TXN001,DE,ACC3128,Tech Corp
134,2024-01-23,3623.452766676296,payment for services,PAY001,DE,ACC8688,Food Store Inc
135,2024-01-20,243.86966735549484,bought banana at store,PAY001,FR,ACC2685,Food Store Inc
136,2024-10-16,849.5693937829651,bought banana at store,TXN002,IT,ACC9762,Tech Corp
137,2024-07-03,1601.394595487226,bought banana at store,TXN001,DE,ACC3070,Food Store Inc
138,2024-08-02,3032.1790295920678,payment for services,TXN001,FR,ACC9279,Food Store Inc
139,2024-06-03,524.1144200216842,payment for services,TXN001,IT,ACC1940,Market Ltd
140,2024-04-08,434.6614952853127,grocery shopping apple,PAY001,IT,ACC5367,Food Store Inc
141,2024-06-07,1158.6502165369104,payment for services,TXN001,FR,ACC5494,Food Store Inc
142,2024-03-18,3676.269588434148,bought banana at store,PAY001,DE,ACC8359,Food Store Inc
143,2024-03-25,4986.403231937066,payment for services,PAY001,FR,ACC4470,Food Store Inc
144,2024-01-26,3322.997642644609,payment for services,PAY001,ES,ACC9150,Tech Corp
145,2024-02-12,3892.8351616658924,payment for services,PAY001,FR,ACC7121,Market Ltd
146,2024-11-23,3514.5551493140806,payment for services,TXN001,FR,ACC8859,Market Ltd
147,2024-06-17,1897.8382403523817,payment for services,PAY001,IT,ACC2383,Tech Corp
148,2024-06-18,3495.7049996224773,bought banana at store,TXN002,FR,ACC6869,Market Ltd
149,2024-02-16,815.1640014359716,bought banana at store,TXN002,ES,ACC7746,Market Ltd
150,2024-12-06,443.98268365808707,bought banana at store,TXN002,DE,ACC3531,Tech Corp
151,2024-07-05,891.8561717224429,payment for services,TXN001,DE,ACC2331,Food Store Inc
152,2024-10-21,1722.042876866593,bought banana at store,TXN002,FR,ACC5842,Food Store Inc
153,2024-02-09,1545.7320281383072,grocery shopping apple,TXN002,IT,ACC8139,Market Ltd
154,2024-02-10,4531.101644424293,bought banana at store,PAY001,ES,ACC6987,Tech Corp
155,2024-05-16,3077.949822792508,bought banana at store,TXN001,IT,ACC4400,Market Ltd
156,2024-08-18,4693.860316612729,bought banana at store,TXN001,FR,ACC8203,Tech Corp
157,2024-04-12,1582.3150757103954,payment for services,PAY001,FR,ACC8627,Market Ltd
158,2024-10-20,4819.942275301304,grocery shopping apple,TXN001,IT,ACC9035,Tech Corp
159,2024-02-10,2663.8204726628383,grocery shopping apple,TXN002,IT,ACC8797,Market Ltd
160,2024-01-28,1657.525314286931,grocery shopping apple,TXN001,FR,ACC2182,Food Store Inc
161,2024-10-08,4961.312590886023,payment for services,TXN002,DE,ACC2467,Tech Corp
162,2024-07-07,4550.11912972177,bought banana at store,TXN002,ES,ACC6790,Tech Corp
163,2024-01-30,2582.867221465572,bought banana at store,TXN001,FR,ACC7392,Market Ltd
164,2024-11-21,4894.3354196448245,grocery shopping apple,PAY001,ES,ACC3632,Tech Corp
165,2024-05-08,1298.4654131644377,grocery shopping apple,TXN002,DE,ACC5138,Market Ltd
166,2024-03-19,2508.8677723382016,bought banana at store,TXN002,IT,ACC7338,Market Ltd
167,2024-09-18,3602.1684386464294,grocery shopping apple,TXN002,DE,ACC5078,Market Ltd
168,2024-07-05,3340.761132403909,grocery shopping apple,TXN001,FR,ACC9379,Market Ltd
169,2024-04-16,2504.301660528547,grocery shopping apple,TXN002,IT,ACC5076,Food Store Inc
170,2024-08-06,907.1513401000126,payment for services,PAY001,DE,ACC5071,Food Store Inc
171,2024-05-10,2660.194591180184,grocery shopping apple,PAY001,DE,ACC2986,Tech Corp
172,2024-11-29,2868.631641533389,payment for services,TXN001,ES,ACC2363,Tech Corp
173,2024-05-10,3687.858599142201,grocery shopping apple,TXN002,DE,ACC9244,Food Store Inc
174,2024-09-21,3045.7953753676256,bought banana at store,TXN001,ES,ACC1201,Tech Corp
175,2024-01-23,4086.405152542009,grocery shopping apple,TXN002,ES,ACC3195,Market Ltd
176,2024-10-04,2014.191638547766,bought banana at store,TXN001,IT,ACC9779,Market Ltd
177,2024-03-30,4720.001411407856,grocery shopping apple,TXN001,IT,ACC3032,Market Ltd
178,2024-02-07,1189.893626654933,payment for services,PAY001,DE,ACC4252,Food Store Inc
179,2024-08-17,4639.252304280749,payment for services,TXN002,ES,ACC7342,Market Ltd
180,2024-06-02,3129.121644025465,grocery shopping apple,PAY001,FR,ACC9721,Market Ltd
181,2024-07-04,3910.341129202427,bought banana at store,TXN002,ES,ACC9166,Food Store Inc
182,2024-12-15,3552.305279357378,bought banana at store,TXN001,ES,ACC2649,Market Ltd
183,2024-02-13,1567.6882296954172,payment for services,TXN002,DE,ACC9495,Tech Corp
184,2024-08-31,3398.4311318024597,bought banana at store,PAY001,DE,ACC8242,Tech Corp
185,2024-08-20,4230.039841058642,payment for services,TXN001,FR,ACC4625,Tech Corp
186,2024-07-17,3234.25627511988,bought banana at store,TXN001,ES,ACC4477,Market Ltd
187,2024-05-11,3123.2954115989332,payment for services,TXN001,DE,ACC5974,Food Store Inc
188,2024-11-02,78.42211294882293,bought banana at store,TXN001,DE,ACC8798,Tech Corp
189,2024-11-18,2933.794693596022,payment for services,TXN002,ES,ACC1298,Market Ltd
190,2024-07-15,2628.1336002442004,grocery shopping apple,PAY001,ES,ACC7827,Food Store Inc
191,2024-11-08,4586.890260604037,grocery shopping apple,TXN001,DE,ACC4246,Market Ltd
192,2024-05-11,2074.6970634279155,bought banana at store,TXN001,DE,ACC9737,Market Ltd
193,2024-05-18,1655.0071134737914,bought banana at store,TXN002,FR,ACC2208,Tech Corp
194,2024-08-24,1903.5617813545173,grocery shopping apple,PAY001,IT,ACC2254,Market Ltd
195,2024-10-28,1321.8121945578332,bought banana at store,PAY001,DE,ACC5114,Tech Corp
196,2024-03-21,3131.261394633594,grocery shopping apple,TXN002,ES,ACC1008,Market Ltd
197,2024-03-25,2004.0591568293523,bought banana at store,PAY001,ES,ACC3812,Food Store Inc
198,2024-07-03,3724.145865040142,grocery shopping apple,TXN001,FR,ACC9038,Tech Corp
199,2024-07-26,2939.6716365509474,grocery shopping apple,TXN002,DE,ACC1140,Tech Corp
200,2024-02-20,3895.3903345340796,payment for services,TXN001,IT,ACC6150,Food Store Inc
201,2024-01-19,875.1248981812453,bought banana at store,PAY001,ES,ACC2664,Market Ltd
202,2024-04-30,2155.406569161546,grocery shopping apple,TXN002,IT,ACC8490,Food Store Inc
203,2024-11-09,3909.230819262475,grocery shopping apple,TXN001,ES,ACC1557,Tech Corp
204,2024-07-06,325.77677998161926,payment for services,TXN002,IT,ACC5407,Food Store Inc
205,2024-04-18,1547.327561799753,payment for services,PAY001,IT,ACC6392,Market Ltd
206,2024-07-06,796.4328480884018,payment for services,TXN002,ES,ACC2705,Tech Corp
207,2024-11-17,2553.08124810695,payment for services,TXN001,ES,ACC9946,Food Store Inc
208,2024-03-30,1923.9960742262003,bought banana at store,PAY001,DE,ACC3625,Tech Corp
209,2024-10-22,3732.1191404333917,bought banana at store,PAY001,ES,ACC8748,Market Ltd
210,2024-11-22,2285.8904469686386,grocery shopping apple,TXN002,ES,ACC1120,Food Store Inc
211,2024-07-26,2191.727212856145,grocery shopping apple,TXN001,DE,ACC4154,Market Ltd
212,2024-03-17,4159.793699929617,grocery shopping apple,TXN001,DE,ACC3877,Food Store Inc
213,2024-07-15,1967.9787935981735,bought banana at store,PAY001,FR,ACC3429,Food Store Inc
214,2024-08-06,1559.7543849583258,bought banana at store,TXN002,FR,ACC7395,Market Ltd
215,2024-04-17,4614.426806347291,bought banana at store,PAY001,FR,ACC2593,Tech Corp
216,2024-09-02,798.2684152330067,payment for services,PAY001,IT,ACC5483,Tech Corp
217,2024-12-23,4888.064707401576,bought banana at store,TXN002,IT,ACC1602,Food Store Inc
218,2024-08-29,3683.8504048480527,bought banana at store,TXN002,FR,ACC1339,Food Store Inc
219,2024-03-31,2216.250106835069,payment for services,TXN001,ES,ACC3583,Food Store Inc
220,2024-03-03,2730.640665691583,bought banana at store,TXN002,DE,ACC6216,Food Store Inc
221,2024-05-03,134.44397520351018,grocery shopping apple,PAY001,IT,ACC9102,Food Store Inc
222,2024-09-29,3286.536497918392,bought banana at store,PAY001,DE,ACC1396,Tech Corp
223,2024-01-05,4629.934093458063,grocery shopping apple,PAY001,FR,ACC8307,Food Store Inc
224,2024-06-23,4228.492344386497,payment for services,TXN002,FR,ACC7306,Market Ltd
225,2024-03-21,1418.0792308196064,grocery shopping apple,PAY001,DE,ACC9262,Tech Corp
226,2024-03-21,1079.8920149441913,bought banana at store,TXN001,FR,ACC6225,Market Ltd
227,2024-08-29,650.0065155633381,payment for services,TXN002,FR,ACC8889,Tech Corp
228,2024-11-24,1329.344534553258,grocery shopping apple,TXN002,DE,ACC9171,Tech Corp
229,2024-11-08,811.6072128208987,grocery shopping apple,PAY001,FR,ACC4797,Market Ltd
230,2024-10-26,1434.4310069091616,grocery shopping apple,TXN002,ES,ACC1032,Tech Corp
231,2024-12-25,357.75829129017836,bought banana at store,TXN002,IT,ACC7288,Market Ltd
232,2024-02-21,1464.5836821898292,payment for services,TXN002,FR,ACC4958,Tech Corp
233,2024-06-28,393.40483534089566,grocery shopping apple,TXN002,ES,ACC9261,Food Store Inc
234,2024-11-30,891.0003381089999,grocery shopping apple,TXN002,ES,ACC3847,Food Store Inc
235,2024-08-14,1420.324931065362,grocery shopping apple,PAY001,FR,ACC9855,Market Ltd
236,2024-03-31,2361.612227320291,payment for services,PAY001,IT,ACC5053,Tech Corp
237,2024-08-20,73.25737140816832,payment for services,TXN002,FR,ACC9317,Food Store Inc
238,2024-04-16,1083.7977154933703,payment for services,PAY001,IT,ACC5233,Food Store Inc
239,2024-09-07,634.9706325328385,grocery shopping apple,TXN002,IT,ACC4847,Market Ltd
240,2024-08-11,3840.845956852876,bought banana at store,PAY001,FR,ACC5206,Market Ltd
241,2024-08-08,4020.8710802958913,grocery shopping apple,TXN002,FR,ACC3785,Food Store Inc
242,2024-04-13,2825.231393345871,payment for services,TXN002,ES,ACC3549,Food Store Inc
243,2024-05-21,3538.314880589615,payment for services,TXN001,FR,ACC7169,Food Store Inc
244,2024-09-12,4087.5817546888516,grocery shopping apple,TXN001,DE,ACC7669,Market Ltd
245,2024-07-19,4406.375058502559,payment for services,TXN002,DE,ACC4294,Market Ltd
246,2024-03-20,1015.1536296617934,bought banana at store,TXN001,ES,ACC2689,Market Ltd
247,2024-03-10,83.08378749327032,grocery shopping apple,TXN001,IT,ACC2375,Food Store Inc
248,2024-09-23,3801.0807705573407,payment for services,TXN002,ES,ACC3317,Food Store Inc
249,2024-08-13,4863.640973732109,payment for services,TXN001,DE,ACC2540,Tech Corp
250,2024-12-14,3458.8922456151613,grocery shopping apple,PAY001,ES,ACC8203,Food Store Inc
251,2024-02-22,1851.6797179470739,payment for services,TXN002,DE,ACC8450,Tech Corp
252,2024-02-21,3379.364351101769,bought banana at store,TXN002,DE,ACC3489,Market Ltd
253,2024-02-09,3572.6905984805835,grocery shopping apple,PAY001,DE,ACC4693,Market Ltd
254,2024-05-06,1104.4156169073565,bought banana at store,TXN001,DE,ACC1594,Market Ltd
255,2024-12-14,2645.234467870665,bought banana at store,TXN001,IT,ACC2465,Tech Corp
256,2024-10-07,730.4302217642485,payment for services,TXN002,FR,ACC5988,Tech Corp
257,2024-03-28,1564.8830450400615,bought banana at store,TXN001,DE,ACC1361,Market Ltd
258,2024-03-10,3446.079860699975,grocery shopping apple,PAY001,DE,ACC8958,Tech Corp
259,2024-05-24,175.6273993373217,grocery shopping apple,TXN001,IT,ACC7518,Market Ltd
260,2024-06-29,288.4626640581902,bought banana at store,PAY001,FR,ACC3436,Food Store Inc
261,2024-01-28,1669.1110937710546,payment for services,PAY001,IT,ACC5966,Tech Corp
262,2024-01-10,3493.7565928021945,bought banana at store,TXN001,IT,ACC6007,Food Store Inc
263,2024-01-04,1472.307254563856,payment for services,TXN001,FR,ACC6657,Tech Corp
264,2024-04-03,4603.792201609942,payment for services,TXN001,ES,ACC5631,Food Store Inc
265,2024-10-20,4428.429412834703,grocery shopping apple,TXN002,IT,ACC9704,Tech Corp
266,2024-04-09,2148.501351287771,payment for services,TXN001,DE,ACC7813,Food Store Inc
267,2024-07-09,282.27893453616207,payment for services,PAY001,DE,ACC8497,Food Store Inc
268,2024-10-01,4058.647618984987,bought banana at store,TXN002,ES,ACC6193,Tech Corp
269,2024-12-01,1455.4260926615825,bought banana at store,TXN001,FR,ACC9996,Market Ltd
270,2024-03-15,4100.342233131922,grocery shopping apple,TXN001,DE,ACC1085,Tech Corp
271,2024-07-08,1737.2230743955192,payment for services,TXN001,ES,ACC6677,Market Ltd
272,2024-06-10,4307.846855784267,grocery shopping apple,PAY001,ES,ACC4631,Tech Corp
273,2024-04-28,3702.243811925858,grocery shopping apple,PAY001,FR,ACC4698,Market Ltd
274,2024-06-27,3378.192455607177,grocery shopping apple,PAY001,FR,ACC5006,Market Ltd
275,2024-12-06,1594.3628349762564,bought banana at store,TXN001,ES,ACC7476,Tech Corp
276,2024-12-14,2083.9002329113187,grocery shopping apple,TXN001,DE,ACC5412,Tech Corp
277,2024-06-30,2333.536473415078,grocery shopping apple,TXN001,IT,ACC8529,Tech Corp
278,2024-10-12,1462.4720706139415,grocery shopping apple,TXN001,DE,ACC3433,Market Ltd
279,2024-11-05,2231.4185064134736,grocery shopping apple,PAY001,FR,ACC1768,Food Store Inc
280,2024-01-03,2618.9394457418175,payment for services,PAY001,ES,ACC9817,Tech Corp
281,2024-10-11,2152.780962591139,grocery shopping apple,TXN002,IT,ACC6891,Market Ltd
282,2024-12-09,753.3890160243028,payment for services,TXN001,ES,ACC4416,Food Store Inc
283,2024-03-15,4137.229892017547,bought banana at store,PAY001,FR,ACC1876,Tech Corp
284,2024-04-17,3967.1660121852196,payment for services,TXN002,FR,ACC3874,Tech Corp
285,2024-04-08,137.80374183584382,payment for services,PAY001,ES,ACC3679,Market Ltd
286,2024-11-03,3182.014974356759,grocery shopping apple,TXN001,FR,ACC1087,Tech Corp
287,2024-11-30,4848.157175308055,bought banana at store,TXN002,ES,ACC9376,Food Store Inc
288,2024-02-02,3872.1436121445063,payment for services,TXN001,ES,ACC7328,Market Ltd
289,2024-11-04,2986.2000701166676,payment for services,PAY001,FR,ACC1182,Market Ltd
290,2024-02-18,4648.30096498708,grocery shopping apple,TXN002,DE,ACC2655,Food Store Inc
291,2024-04-27,2154.5796999828085,payment for services,PAY001,FR,ACC6004,Tech Corp
292,2024-10-22,834.5213057473904,grocery shopping apple,TXN001,FR,ACC2393,Tech Corp
293,2024-02-01,3939.9900768622515,payment for services,TXN002,ES,ACC3860,Food Store Inc
294,2024-09-17,3742.620401887917,bought banana at store,TXN002,IT,ACC2248,Tech Corp
295,2024-06-22,4377.258015776425,bought banana at store,PAY001,ES,ACC2977,Food Store Inc
296,2024-10-14,3579.0752399230832,bought banana at store,TXN002,ES,ACC9750,Tech Corp
297,2024-08-22,2605.842277939235,payment for services,TXN002,IT,ACC8012,Food Store Inc
298,2024-12-28,925.5746174746637,bought banana at store,TXN001,FR,ACC7695,Tech Corp
299,2024-03-25,4793.51945704903,payment for services,TXN001,IT,ACC2881,Food Store Inc
300,2024-04-16,100.45437722322254,bought banana at store,TXN002,IT,ACC2951,Food Store Inc
301,2024-01-26,397.4084274460672,payment for services,TXN002,ES,ACC5881,Tech Corp
302,2024-11-24,2293.271269893975,bought banana at store,TXN002,IT,ACC1777,Food Store Inc
303,2024-06-20,3644.964909036912,grocery shopping apple,PAY001,FR,ACC3952,Food Store Inc
304,2024-05-10,2464.706313175916,payment for services,PAY001,FR,ACC6124,Tech Corp
305,2024-10-09,4552.547001067594,payment for services,TXN001,IT,ACC4119,Tech Corp
306,2024-09-01,1689.357380389684,payment for services,TXN002,IT,ACC3465,Food Store Inc
307,2024-02-28,3604.348875300823,bought banana at store,PAY001,FR,ACC6147,Food Store Inc
308,2024-07-25,3780.7601735609237,bought banana at store,PAY001,FR,ACC2129,Tech Corp
309,2024-12-16,4080.4939705236925,grocery shopping apple,TXN001,FR,ACC9151,Tech Corp
310,2024-05-03,191.57219182199037,bought banana at store,TXN002,IT,ACC3782,Tech Corp
311,2024-08-20,2143.591900259715,bought banana at store,TXN001,ES,ACC2220,Food Store Inc
312,2024-05-01,4615.317368537642,payment for services,PAY001,ES,ACC8099,Market Ltd
313,2024-06-23,4325.5936073234525,grocery shopping apple,PAY001,DE,ACC8728,Tech Corp
314,2024-06-28,1357.7106185786565,payment for services,TXN002,FR,ACC8751,Tech Corp
315,2024-07-11,4911.121845855616,grocery shopping apple,TXN002,ES,ACC2844,Tech Corp
316,2024-05-01,2146.8879984353553,bought banana at store,TXN001,IT,ACC3217,Tech Corp
317,2024-12-06,988.8469669540135,grocery shopping apple,TXN002,IT,ACC8418,Tech Corp
318,2024-06-22,507.83119863792365,grocery shopping apple,PAY001,IT,ACC2530,Tech Corp
319,2024-02-06,3182.607757258282,bought banana at store,TXN002,FR,ACC8055,Market Ltd
320,2024-10-12,567.1483211925341,payment for services,TXN001,DE,ACC5176,Food Store Inc
321,2024-07-07,4918.390213248495,grocery shopping apple,TXN001,IT,ACC8216,Tech Corp
322,2024-06-08,4114.004334275585,bought banana at store,PAY001,IT,ACC1887,Market Ltd
323,2024-12-16,4633.598502210647,payment for services,TXN001,DE,ACC8591,Tech Corp
324,2024-06-23,3326.266253385189,grocery shopping apple,PAY001,FR,ACC5121,Food Store Inc
325,2024-10-02,3356.0216403371,bought banana at store,TXN002,IT,ACC6053,Market Ltd
326,2024-07-03,2092.4481986043133,bought banana at store,PAY001,FR,ACC1085,Market Ltd
327,2024-04-16,3127.6516597811415,grocery shopping apple,TXN001,FR,ACC7051,Market Ltd
328,2024-09-16,2164.948148492444,payment for services,TXN002,IT,ACC4307,Market Ltd
329,2024-05-23,552.448885247787,payment for services,TXN002,DE,ACC3279,Tech Corp
330,2024-05-01,3678.1784496269174,grocery shopping apple,PAY001,ES,ACC5221,Food Store Inc
331,2024-07-22,4246.740848953298,grocery shopping apple,TXN002,DE,ACC8829,Food Store Inc
332,2024-06-04,3734.126351433447,bought banana at store,PAY001,IT,ACC9512,Food Store Inc
333,2024-06-28,3179.416133110174,payment for services,PAY001,DE,ACC5293,Tech Corp
334,2024-12-01,524.9681181736846,bought banana at store,TXN002,FR,ACC6610,Food Store Inc
335,2024-08-17,1572.0373253283901,bought banana at store,TXN001,ES,ACC5267,Tech Corp
336,2024-02-05,1561.4240535662525,payment for services,TXN002,IT,ACC6730,Tech Corp
337,2024-07-07,3366.472045541842,bought banana at store,TXN002,IT,ACC3489,Food Store Inc
338,2024-04-22,1250.5591703519092,payment for services,TXN002,ES,ACC5733,Market Ltd
339,2024-11-11,2141.4715405361612,bought banana at store,TXN002,IT,ACC3287,Food Store Inc
340,2024-06-16,1693.5762551889645,bought banana at store,PAY001,FR,ACC3699,Food Store Inc
341,2024-10-23,3736.986910379067,payment for services,PAY001,DE,ACC6720,Food Store Inc
342,2024-05-29,2204.7611364198983,bought banana at store,PAY001,DE,ACC3463,Market Ltd
343,2024-04-14,873.5725637743683,payment for services,TXN001,ES,ACC5837,Tech Corp
344,2024-01-26,2224.5602193528193,grocery shopping apple,TXN002,FR,ACC5378,Food Store Inc
345,2024-05-18,4643.742603266764,bought banana at store,TXN001,IT,ACC4917,Tech Corp
346,2024-10-12,4502.968727086636,grocery shopping apple,TXN001,DE,ACC4254,Market Ltd
347,2024-03-22,3986.929967794244,bought banana at store,TXN002,FR,ACC7537,Market Ltd
348,2024-03-28,360.6339619710617,grocery shopping apple,TXN001,DE,ACC3440,Food Store Inc
349,2024-02-22,2938.576004435598,bought banana at store,PAY001,IT,ACC3423,Market Ltd
350,2024-01-23,1907.1488027498767,grocery shopping apple,PAY001,ES,ACC8424,Tech Corp
351,2024-12-06,2510.380609537047,bought banana at store,TXN001,FR,ACC2061,Tech Corp
352,2024-08-24,2990.056065626401,payment for services,PAY001,FR,ACC8820,Tech Corp
353,2024-11-04,1170.2702189519362,bought banana at store,TXN002,FR,ACC8019,Food Store Inc
354,2024-06-16,4626.941038372082,grocery shopping apple,TXN002,FR,ACC5154,Food Store Inc
355,2024-12-23,2281.846261827486,grocery shopping apple,PAY001,FR,ACC6626,Tech Corp
356,2024-08-28,1715.9605888507717,payment for services,TXN002,FR,ACC7034,Market Ltd
357,2024-08-01,2144.4223167098053,payment for services,PAY001,IT,ACC3175,Market Ltd
358,2024-02-27,1692.299018061385,grocery shopping apple,TXN001,ES,ACC2161,Food Store Inc
359,2024-07-17,1580.6440480287315,bought banana at store,PAY001,IT,ACC8759,Food Store Inc
360,2024-04-19,3810.169866839083,grocery shopping apple,PAY001,ES,ACC2781,Market Ltd
361,2024-10-19,276.79953146793616,bought banana at store,PAY001,IT,ACC3538,Food Store Inc
362,2024-09-28,1692.5847214438515,bought banana at store,TXN002,DE,ACC1700,Tech Corp
363,2024-02-02,185.57639660789107,grocery shopping apple,TXN001,DE,ACC9118,Food Store Inc
364,2024-09-14,4622.112789551584,grocery shopping apple,TXN002,FR,ACC7369,Food Store Inc
365,2024-01-30,2590.7209391557913,payment for services,TXN001,FR,ACC2683,Food Store Inc
366,2024-02-16,203.1002646839576,payment for services,TXN002,IT,ACC6812,Food Store Inc
367,2024-12-15,2275.1573548165793,bought banana at store,TXN001,IT,ACC9903,Market Ltd
368,2024-07-10,941.2166327844859,bought banana at store,TXN002,IT,ACC5148,Food Store Inc
369,2024-05-21,718.0493343482806,bought banana at store,TXN002,FR,ACC1075,Tech Corp
370,2024-10-28,406.28153141754666,grocery shopping apple,TXN001,DE,ACC5891,Food Store Inc
371,2024-08-02,318.741606428,bought banana at store,TXN001,ES,ACC7382,Food Store Inc
372,2024-06-13,1879.1237451588706,bought banana at store,TXN001,FR,ACC5738,Tech Corp
373,2024-07-18,2397.773514528961,bought banana at store,TXN002,ES,ACC4145,Market Ltd
374,2024-05-20,4175.929482591247,payment for services,TXN002,DE,ACC8811,Food Store Inc
375,2024-12-30,656.798150627023,grocery shopping apple,TXN001,IT,ACC9849,Food Store Inc
376,2024-09-25,4420.621007922694,bought banana at store,TXN002,DE,ACC2183,Tech Corp
377,2024-09-25,3912.016915613991,bought banana at store,TXN002,DE,ACC7522,Market Ltd
378,2024-08-27,2997.3056176562322,bought banana at store,PAY001,DE,ACC9820,Market Ltd
379,2024-10-10,536.3713426080641,payment for services,TXN001,FR,ACC2431,Market Ltd
380,2024-06-19,2974.1072745065517,payment for services,TXN002,FR,ACC3264,Tech Corp
381,2024-10-24,4572.508441120964,bought banana at store,TXN002,FR,ACC9030,Food Store Inc
382,2024-12-29,2767.7007017582987,bought banana at store,TXN002,IT,ACC3262,Food Store Inc
383,2024-03-05,2604.885162536059,payment for services,TXN002,IT,ACC6960,Market Ltd
384,2024-08-06,1230.7352575267169,bought banana at store,TXN002,ES,ACC4682,Tech Corp
385,2024-05-30,3056.1543628938543,payment for services,TXN001,FR,ACC2154,Food Store Inc
386,2024-01-02,772.1904057467843,grocery shopping apple,TXN002,IT,ACC8409,Tech Corp
387,2024-12-09,1565.424060813455,payment for services,PAY001,DE,ACC4066,Tech Corp
388,2024-12-28,2902.938750121545,payment for services,TXN001,IT,ACC7324,Food Store Inc
389,2024-08-20,3428.6613803488294,grocery shopping apple,TXN002,FR,ACC7776,Tech Corp
390,2024-05-21,4462.135505113134,grocery shopping apple,TXN001,IT,ACC3703,Food Store Inc
391,2024-02-10,1657.3712840890903,bought banana at store,TXN002,FR,ACC8101,Tech Corp
392,2024-10-13,1915.0051800654926,payment for services,TXN002,FR,ACC2364,Food Store Inc
393,2024-12-31,1601.8471873321384,payment for services,TXN002,IT,ACC1831,Tech Corp
394,2024-10-14,656.1581290784665,bought banana at store,PAY001,DE,ACC7273,Market Ltd
395,2024-07-24,4427.963402004752,bought banana at store,TXN002,IT,ACC9105,Food Store Inc
396,2024-08-03,67.56437927784333,bought banana at store,PAY001,FR,ACC4828,Market Ltd
397,2024-03-04,4726.914324094525,grocery shopping apple,TXN002,FR,ACC2427,Food Store Inc
398,2024-08-10,2218.019904942125,payment for services,TXN002,FR,ACC7070,Food Store Inc
399,2024-03-18,3149.4989558513475,grocery shopping apple,PAY001,ES,ACC2179,Food Store Inc
400,2024-08-07,3414.755291566147,grocery shopping apple,PAY001,ES,ACC1847,Market Ltd
401,2024-10-22,2811.9643222923164,grocery shopping apple,TXN001,ES,ACC2380,Food Store Inc
402,2024-05-06,2825.112280553635,grocery shopping apple,TXN001,IT,ACC4999,Tech Corp
403,2024-07-09,3101.9419445436884,grocery shopping apple,TXN002,FR,ACC4330,Tech Corp
404,2024-02-24,2440.9819169761213,grocery shopping apple,TXN002,DE,ACC5342,Tech Corp
405,2024-01-25,2467.9199254758187,grocery shopping apple,TXN001,ES,ACC1158,Tech Corp
406,2024-01-19,4542.847735888276,payment for services,TXN002,IT,ACC1830,Food Store Inc
407,2024-01-05,609.4589865913943,payment for services,PAY001,DE,ACC4235,Market Ltd
408,2024-06-21,3330.240409555407,grocery shopping apple,PAY001,DE,ACC4995,Food Store Inc
409,2024-10-06,1755.7047973218534,bought banana at store,TXN002,ES,ACC8606,Food Store Inc
410,2024-05-13,87.01588434506111,bought banana at store,TXN002,IT,ACC9859,Food Store Inc
411,2024-03-30,2074.6389805805993,payment for services,TXN002,DE,ACC8490,Market Ltd
412,2024-04-05,916.0431520478636,bought banana at store,TXN002,DE,ACC9676,Market Ltd
413,2024-08-17,3115.240393536952,payment for services,TXN001,FR,ACC8854,Food Store Inc
414,2024-09-11,3129.9293438406153,payment for services,TXN002,ES,ACC8020,Tech Corp
415,2024-03-03,3020.565146196844,payment for services,TXN002,IT,ACC6130,Tech Corp
416,2024-05-25,4997.800487130168,bought banana at store,PAY001,FR,ACC7604,Tech Corp
417,2024-09-28,3629.118781361217,grocery shopping apple,TXN001,ES,ACC1994,Market Ltd
418,2024-04-01,3951.920896689807,payment for services,TXN001,ES,ACC1511,Market Ltd
419,2024-10-06,2979.8010621446965,payment for services,TXN002,IT,ACC1962,Tech Corp
420,2024-12-20,818.7609740010954,grocery shopping apple,TXN001,ES,ACC5649,Food Store Inc
421,2024-09-23,3157.5097536511194,payment for services,PAY001,ES,ACC3443,Food Store Inc
422,2024-11-04,4219.486309651036,payment for services,TXN002,FR,ACC7615,Food Store Inc
423,2024-10-18,1638.0493375423023,bought banana at store,TXN001,FR,ACC7817,Market Ltd
424,2024-05-22,4347.841983395583,bought banana at store,PAY001,FR,ACC2811,Tech Corp
425,2024-01-05,3264.808629345451,grocery shopping apple,PAY001,DE,ACC9879,Food Store Inc
426,2024-07-09,1285.862097630337,payment for services,PAY001,ES,ACC7500,Tech Corp
427,2024-09-28,3957.418455004617,grocery shopping apple,TXN001,DE,ACC8699,Market Ltd
428,2024-08-27,739.6314263282335,grocery shopping apple,PAY001,DE,ACC8800,Market Ltd
429,2024-05-15,2547.7874797940462,payment for services,TXN001,ES,ACC9477,Tech Corp
430,2024-10-01,4624.484253679091,grocery shopping apple,TXN001,FR,ACC9922,Food Store Inc
431,2024-12-19,4994.466018383489,bought banana at store,PAY001,FR,ACC4708,Food Store Inc
432,2024-12-29,1632.9049237242045,bought banana at store,PAY001,DE,ACC6263,Market Ltd
433,2024-07-19,2081.37452822402,grocery shopping apple,TXN002,DE,ACC5234,Tech Corp
434,2024-11-30,2107.8779578238195,payment for services,TXN001,FR,ACC6356,Tech Corp
435,2024-05-19,4734.072453665855,payment for services,TXN001,FR,ACC9388,Market Ltd
436,2024-05-20,2426.018575734913,bought banana at store,TXN001,ES,ACC1658,Market Ltd
437,2024-07-05,2851.0703567478768,grocery shopping apple,TXN001,DE,ACC8935,Food Store Inc
438,2024-11-28,2132.554787524868,payment for services,TXN001,ES,ACC7255,Market Ltd
439,2024-02-16,904.5603891689733,payment for services,TXN002,ES,ACC6954,Market Ltd
440,2024-02-23,1538.6744891314777,grocery shopping apple,PAY001,FR,ACC4964,Food Store Inc
441,2024-01-04,4973.940804119881,payment for services,TXN001,DE,ACC9134,Tech Corp
442,2024-12-19,3109.162352375435,grocery shopping apple,PAY001,IT,ACC9321,Tech Corp
443,2024-03-08,3375.2043740535946,payment for services,TXN002,FR,ACC8293,Tech Corp
444,2024-06-17,1141.7211838993082,payment for services,PAY001,IT,ACC5132,Tech Corp
445,2024-05-13,1654.4960290490199,bought banana at store,TXN001,IT,ACC6527,Food Store Inc
446,2024-10-26,636.954779867139,payment for services,TXN002,DE,ACC1966,Tech Corp
447,2024-03-25,37.490011078986086,payment for services,TXN001,DE,ACC3660,Food Store Inc
448,2024-07-28,1050.7255936443007,grocery shopping apple,TXN002,IT,ACC2052,Tech Corp
449,2024-04-02,4592.307975342905,grocery shopping apple,PAY001,IT,ACC3984,Tech Corp
450,2024-12-26,1931.0270675000536,bought banana at store,PAY001,DE,ACC2589,Market Ltd
451,2024-01-18,3408.4138499209485,payment for services,TXN001,FR,ACC3712,Food Store Inc
452,2024-06-18,671.743201830969,grocery shopping apple,TXN001,DE,ACC3943,Food Store Inc
453,2024-09-16,294.9656442152286,payment for services,TXN002,DE,ACC9578,Tech Corp
454,2024-02-05,2069.0131251283838,payment for services,PAY001,IT,ACC2911,Tech Corp
455,2024-07-07,2492.6620188886845,payment for services,TXN001,IT,ACC7249,Tech Corp
456,2024-12-06,2072.681193466932,payment for services,TXN002,FR,ACC1130,Food Store Inc
457,2024-08-26,514.2437219208882,grocery shopping apple,TXN002,DE,ACC2122,Food Store Inc
458,2024-11-18,1685.1431407049051,grocery shopping apple,TXN002,FR,ACC7850,Tech Corp
459,2024-08-09,1153.9611599957295,bought banana at store,TXN001,ES,ACC8223,Tech Corp
460,2024-12-12,2638.3250795102626,grocery shopping apple,PAY001,IT,ACC1103,Tech Corp
461,2024-03-21,3861.002790939266,bought banana at store,TXN002,DE,ACC7788,Food Store Inc
462,2024-07-04,3273.2948120016927,bought banana at store,TXN002,IT,ACC5035,Food Store Inc
463,2024-03-06,2932.619389191486,payment for services,TXN001,DE,ACC3703,Market Ltd
464,2024-04-17,404.2519577517065,bought banana at store,PAY001,DE,ACC1324,Tech Corp
465,2024-09-22,470.1780329071279,grocery shopping apple,TXN002,FR,ACC3697,Tech Corp
466,2024-09-23,2379.1674184524145,grocery shopping apple,TXN001,IT,ACC1276,Food Store Inc
467,2024-06-30,2746.2149287096177,payment for services,TXN002,DE,ACC5382,Food Store Inc
468,2024-03-18,2184.148241262676,bought banana at store,TXN001,DE,ACC5245,Tech Corp
469,2024-09-21,556.4609752116177,grocery shopping apple,TXN001,IT,ACC5849,Food Store Inc
470,2024-08-28,846.5060024087827,bought banana at store,TXN001,IT,ACC3376,Market Ltd
471,2024-09-07,4902.914105787831,payment for services,TXN002,DE,ACC4255,Food Store Inc
472,2024-12-10,4906.457795626566,grocery shopping apple,PAY001,ES,ACC4456,Market Ltd
473,2024-12-30,236.58749468609258,bought banana at store,TXN001,IT,ACC7691,Food Store Inc
474,2024-12-03,1533.2553160085172,grocery shopping apple,PAY001,IT,ACC8258,Tech Corp
475,2024-09-06,1974.3846402153092,bought banana at store,TXN002,ES,ACC3803,Food Store Inc
476,2024-05-15,4210.429308370037,bought banana at store,TXN002,ES,ACC1932,Food Store Inc
477,2024-05-07,582.3707174481622,payment for services,TXN002,IT,ACC1189,Tech Corp
478,2024-12-15,3579.9267119712126,grocery shopping apple,PAY001,ES,ACC6601,Market Ltd
479,2024-07-05,336.10681851983566,payment for services,PAY001,FR,ACC5168,Food Store Inc
480,2024-10-24,4243.403418901314,bought banana at store,PAY001,ES,ACC8888,Tech Corp
481,2024-08-19,3121.7787476680587,bought banana at store,TXN001,IT,ACC4165,Food Store Inc
482,2024-08-17,2006.848959886912,bought banana at store,PAY001,ES,ACC4148,Tech Corp
483,2024-03-07,910.4166962273673,bought banana at store,TXN001,IT,ACC3766,Market Ltd
484,2024-07-19,546.13096017272,payment for services,PAY001,IT,ACC2246,Market Ltd
485,2024-12-16,1412.9619169722334,bought banana at store,TXN002,DE,ACC5737,Food Store Inc
486,2024-04-29,1041.326735473076,grocery shopping apple,TXN002,DE,ACC4836,Food Store Inc
487,2024-03-22,3731.431862665133,grocery shopping apple,TXN002,FR,ACC1691,Market Ltd
488,2024-06-13,3100.563651168508,payment for services,TXN001,IT,ACC1770,Food Store Inc
489,2024-09-08,3997.503346149487,bought banana at store,PAY001,FR,ACC6563,Food Store Inc
490,2024-08-01,1471.3728096948435,bought banana at store,TXN001,DE,ACC2231,Tech Corp
491,2024-11-05,2474.866692299991,bought banana at store,PAY001,IT,ACC8474,Food Store Inc
492,2024-07-06,352.2377615954931,payment for services,TXN002,ES,ACC3438,Food Store Inc
493,2024-05-12,4380.822596594954,bought banana at store,TXN001,DE,ACC2331,Market Ltd
494,2024-07-10,1379.9786180529452,bought banana at store,TXN002,FR,ACC2719,Tech Corp
495,2024-12-11,3966.970624778236,payment for services,PAY001,IT,ACC8797,Food Store Inc
496,2024-08-31,2500.518423949257,bought banana at store,PAY001,IT,ACC5358,Food Store Inc
497,2024-10-10,4858.660758936221,bought banana at store,PAY001,IT,ACC1331,Tech Corp
498,2024-01-18,4878.411274724056,payment for services,TXN001,ES,ACC4681,Tech Corp
499,2024-10-12,49.47244128993906,payment for services,TXN001,IT,ACC4231,Market Ltd
500,2024-07-01,4067.899799381308,payment for services,TXN002,ES,ACC9033,Tech Corp
501,2024-02-23,991.2183818546818,grocery shopping apple,TXN002,ES,ACC4599,Food Store Inc
502,2024-12-22,3437.312096133956,payment for services,PAY001,DE,ACC6547,Food Store Inc
503,2024-12-27,2287.5964385504562,grocery shopping apple,TXN002,ES,ACC4396,Food Store Inc
504,2024-07-30,720.609832095986,grocery shopping apple,TXN001,DE,ACC4357,Tech Corp
505,2024-09-11,3189.7829171549342,bought banana at store,PAY001,FR,ACC2887,Market Ltd
506,2024-05-12,534.7213144222587,payment for services,TXN002,FR,ACC7867,Tech Corp
507,2024-06-01,3475.944600499515,bought banana at store,PAY001,IT,ACC8831,Market Ltd
508,2024-04-10,1425.048092567297,grocery shopping apple,TXN001,FR,ACC6522,Market Ltd
509,2024-06-14,2495.8771847388653,grocery shopping apple,PAY001,DE,ACC3324,Tech Corp
510,2024-07-06,429.4480443922817,grocery shopping apple,TXN002,ES,ACC9451,Market Ltd
511,2024-09-27,434.90356797821926,bought banana at store,TXN001,DE,ACC9063,Food Store Inc
512,2024-06-05,2305.4655645030534,payment for services,TXN002,IT,ACC5462,Food Store Inc
513,2024-09-14,1799.2529180170516,grocery shopping apple,PAY001,DE,ACC1410,Market Ltd
514,2024-09-12,1875.4234510380586,grocery shopping apple,PAY001,IT,ACC1768,Market Ltd
515,2024-07-24,3315.910768719834,bought banana at store,PAY001,FR,ACC9566,Food Store Inc
516,2024-12-26,2794.820120104953,bought banana at store,TXN002,FR,ACC1631,Market Ltd
517,2024-10-23,11.058715504518975,grocery shopping apple,PAY001,IT,ACC1514,Food Store Inc
518,2024-01-29,2079.5992048422877,bought banana at store,TXN002,DE,ACC3335,Market Ltd
519,2024-04-03,4651.310300307889,grocery shopping apple,TXN002,ES,ACC5340,Market Ltd
520,2024-10-25,4957.335352966447,payment for services,PAY001,IT,ACC9977,Market Ltd
521,2024-09-06,96.05537074456177,grocery shopping apple,PAY001,DE,ACC9424,Tech Corp
522,2024-01-10,4732.022259572854,grocery shopping apple,TXN002,IT,ACC8452,Market Ltd
523,2024-09-19,3244.329873214827,bought banana at store,TXN002,ES,ACC8647,Market Ltd
524,2024-05-18,3259.8045388591827,bought banana at store,TXN001,FR,ACC2577,Food Store Inc
525,2024-12-09,4038.4316258925815,payment for services,TXN001,ES,ACC3672,Tech Corp
526,2024-12-08,1445.8296727581367,grocery shopping apple,PAY001,IT,ACC5547,Market Ltd
527,2024-09-12,4823.946509624906,grocery shopping apple,TXN002,DE,ACC3961,Tech Corp
528,2024-09-09,3802.871576376472,grocery shopping apple,PAY001,DE,ACC3266,Food Store Inc
529,2024-01-14,2273.480615352685,bought banana at store,PAY001,ES,ACC6920,Market Ltd
530,2024-03-10,426.98106855559956,grocery shopping apple,PAY001,FR,ACC9573,Food Store Inc
531,2024-05-21,4622.219346505486,grocery shopping apple,TXN002,FR,ACC8402,Food Store Inc
532,2024-04-02,1769.7700352354502,bought banana at store,TXN002,DE,ACC9633,Market Ltd
533,2024-06-01,2017.1416686568002,grocery shopping apple,TXN002,DE,ACC4473,Tech Corp
534,2024-02-22,1822.4883503663038,grocery shopping apple,TXN001,DE,ACC3772,Food Store Inc
535,2024-06-23,2312.954626754224,grocery shopping apple,TXN002,IT,ACC4208,Food Store Inc
536,2024-07-03,2073.0921147063746,payment for services,TXN002,ES,ACC2049,Food Store Inc
537,2024-04-25,906.9358031407917,payment for services,TXN002,FR,ACC5119,Market Ltd
538,2024-12-31,2327.3304164186193,grocery shopping apple,PAY001,IT,ACC1074,Market Ltd
539,2024-02-16,1922.992670956388,grocery shopping apple,TXN001,IT,ACC6837,Market Ltd
540,2024-06-07,3961.1602599767507,bought banana at store,TXN001,ES,ACC4360,Food Store Inc
541,2024-07-25,58.2374168608825,payment for services,TXN001,FR,ACC1104,Market Ltd
542,2024-01-04,4523.890265734938,payment for services,PAY001,DE,ACC8515,Tech Corp
543,2024-05-18,3337.542524764798,grocery shopping apple,PAY001,DE,ACC8158,Tech Corp
544,2024-06-25,3967.8045741822907,bought banana at store,PAY001,ES,ACC1395,Market Ltd
545,2024-03-30,2332.3295161063525,payment for services,TXN002,DE,ACC9511,Tech Corp
546,2024-04-20,2635.211477620487,payment for services,PAY001,ES,ACC5339,Food Store Inc
547,2024-11-26,1532.5824565085613,grocery shopping apple,TXN001,FR,ACC5929,Market Ltd
548,2024-07-14,2135.127592050047,payment for services,TXN002,DE,ACC8809,Market Ltd
549,2024-05-09,402.72700579988384,grocery shopping apple,TXN002,ES,ACC8233,Food Store Inc
550,2024-09-21,3731.3120872498503,grocery shopping apple,TXN001,FR,ACC9357,Market Ltd
551,2024-02-12,3440.9466876085844,bought banana at store,TXN002,IT,ACC9837,Market Ltd
552,2024-02-09,1003.4036640236433,grocery shopping apple,TXN001,DE,ACC8455,Tech Corp
553,2024-03-14,2011.700987476491,grocery shopping apple,TXN002,ES,ACC1775,Market Ltd
554,2024-03-02,3198.9267237393033,bought banana at store,TXN001,FR,ACC8276,Market Ltd
555,2024-02-15,4244.48529788949,grocery shopping apple,TXN001,FR,ACC1120,Tech Corp
556,2024-09-02,230.74643536010512,bought banana at store,TXN001,IT,ACC7079,Market Ltd
557,2024-04-06,1345.5761280735003,payment for services,TXN002,DE,ACC9336,Market Ltd
558,2024-11-03,2470.2111007053472,payment for services,TXN001,IT,ACC5925,Food Store Inc
559,2024-05-29,1526.5517178743814,bought banana at store,TXN001,FR,ACC1617,Food Store Inc
560,2024-05-05,4139.97189678613,bought banana at store,PAY001,DE,ACC8962,Market Ltd
561,2024-08-01,4662.634230543379,payment for services,TXN001,FR,ACC4008,Market Ltd
562,2024-09-01,1950.124808627382,grocery shopping apple,PAY001,IT,ACC9330,Food Store Inc
563,2024-01-06,3091.789142214522,payment for services,TXN001,ES,ACC6454,Market Ltd
564,2024-11-30,2087.1570750918936,bought banana at store,PAY001,FR,ACC2321,Tech Corp
565,2024-05-04,1412.226021823688,grocery shopping apple,PAY001,FR,ACC9411,Market Ltd
566,2024-07-27,170.38749055137393,grocery shopping apple,TXN002,FR,ACC4976,Tech Corp
567,2024-04-25,1132.5028956121994,grocery shopping apple,PAY001,ES,ACC3292,Market Ltd
568,2024-08-12,4386.568060737638,grocery shopping apple,PAY001,FR,ACC6550,Market Ltd
569,2024-07-25,3840.312628500319,bought banana at store,TXN002,IT,ACC8552,Food Store Inc
570,2024-01-20,151.6218291557881,bought banana at store,TXN002,IT,ACC5285,Food Store Inc
571,2024-02-16,2675.883103399724,bought banana at store,TXN002,DE,ACC7995,Tech Corp
572,2024-09-03,2807.169038810093,bought banana at store,PAY001,FR,ACC9777,Food Store Inc
573,2024-09-24,793.8928879762213,grocery shopping apple,PAY001,DE,ACC2562,Tech Corp
574,2024-11-30,1882.552032711853,bought banana at store,TXN002,DE,ACC1686,Food Store Inc
575,2024-02-24,2333.432654266817,grocery shopping apple,TXN001,IT,ACC1185,Market Ltd
576,2024-06-30,2912.865711647595,grocery shopping apple,TXN001,DE,ACC7949,Food Store Inc
577,2024-05-03,2986.2122940850486,payment for services,PAY001,DE,ACC8946,Tech Corp
578,2024-03-27,4590.829065932905,payment for services,TXN002,IT,ACC1900,Tech Corp
579,2024-04-07,1927.5506108728007,grocery shopping apple,TXN001,ES,ACC4210,Market Ltd
580,2024-06-09,731.9996564061099,payment for services,TXN002,IT,ACC5008,Tech Corp
581,2024-10-07,1051.8099219363035,grocery shopping apple,PAY001,DE,ACC9316,Tech Corp
582,2024-04-06,1101.5512991066732,bought banana at store,TXN001,IT,ACC4226,Tech Corp
583,2024-01-02,1201.1141116054303,grocery shopping apple,PAY001,ES,ACC2468,Market Ltd
584,2024-10-28,3741.017794843189,payment for services,TXN002,DE,ACC8467,Food Store Inc
585,2024-05-27,3624.7846210086254,bought banana at store,TXN001,IT,ACC4387,Food Store Inc
586,2024-06-15,1369.5748779051974,payment for services,TXN001,FR,ACC2453,Tech Corp
587,2024-07-11,3503.874998004693,payment for services,PAY001,DE,ACC4903,Tech Corp
588,2024-01-07,826.3215779599572,grocery shopping apple,TXN001,IT,ACC5212,Food Store Inc
589,2024-06-20,481.9491247297607,payment for services,TXN002,DE,ACC9132,Market Ltd
590,2024-06-01,4529.5133604254115,bought banana at store,TXN002,FR,ACC8715,Tech Corp
591,2024-09-28,4812.782003364491,bought banana at store,TXN002,DE,ACC9910,Market Ltd
592,2024-03-06,1568.2151733364972,payment for services,TXN002,FR,ACC9280,Tech Corp
593,2024-09-20,3479.8158965791094,payment for services,PAY001,IT,ACC8319,Tech Corp
594,2024-05-23,1094.3588047482633,grocery shopping apple,TXN002,DE,ACC4437,Food Store Inc
595,2024-09-23,1739.5676126471799,payment for services,PAY001,FR,ACC3631,Food Store Inc
596,2024-04-22,2488.8774548273436,payment for services,TXN002,DE,ACC3379,Tech Corp
597,2024-02-10,1201.800146575186,grocery shopping apple,PAY001,ES,ACC5030,Market Ltd
598,2024-01-27,3191.241643020073,bought banana at store,PAY001,IT,ACC4478,Market Ltd
599,2024-03-29,2834.3045495403626,payment for services,TXN001,FR,ACC8698,Market Ltd
600,2024-09-15,1563.0143619913642,payment for services,TXN002,ES,ACC4932,Tech Corp
601,2024-11-10,202.0278025403158,payment for services,TXN002,IT,ACC4532,Tech Corp
602,2024-02-28,579.6960166581259,bought banana at store,TXN002,FR,ACC9614,Market Ltd
603,2024-08-20,2130.29211198642,grocery shopping apple,TXN001,DE,ACC8788,Tech Corp
604,2024-04-13,1339.037063053302,grocery shopping apple,TXN001,DE,ACC7783,Food Store Inc
605,2024-01-19,2835.3547637271126,grocery shopping apple,TXN002,DE,ACC2204,Tech Corp
606,2024-07-17,1068.9929025631357,bought banana at store,PAY001,FR,ACC2229,Food Store Inc
607,2024-10-24,2922.7654742860213,payment for services,TXN001,IT,ACC3160,Tech Corp
608,2024-08-21,3910.060387793628,grocery shopping apple,PAY001,DE,ACC7671,Tech Corp
609,2024-12-04,1775.4082363760358,payment for services,PAY001,IT,ACC1562,Tech Corp
610,2024-11-01,490.04034476702185,payment for services,TXN001,FR,ACC9543,Food Store Inc
611,2024-08-09,3773.335419658656,payment for services,TXN002,FR,ACC9520,Market Ltd
612,2024-07-31,2625.394618385618,bought banana at store,TXN001,ES,ACC2427,Market Ltd
613,2024-01-21,727.4217993975233,bought banana at store,PAY001,IT,ACC6177,Tech Corp
614,2024-01-17,2708.2667447215886,bought banana at store,TXN001,FR,ACC2661,Tech Corp
615,2024-09-10,599.5713597163482,bought banana at store,TXN001,IT,ACC9695,Tech Corp
616,2024-07-22,861.9982423170828,grocery shopping apple,PAY001,IT,ACC4561,Tech Corp
617,2024-06-26,1834.806785058145,bought banana at store,TXN001,DE,ACC5222,Market Ltd
618,2024-01-07,4346.314955688858,bought banana at store,TXN002,DE,ACC1088,Tech Corp
619,2024-08-10,1509.2931096372743,grocery shopping apple,TXN002,DE,ACC7634,Tech Corp
620,2024-10-25,4126.457303608276,grocery shopping apple,PAY001,IT,ACC8020,Food Store Inc
621,2024-08-18,944.4609405885058,grocery shopping apple,TXN001,ES,ACC2679,Market Ltd
622,2024-08-20,1779.8087798832019,payment for services,PAY001,FR,ACC3454,Tech Corp
623,2024-10-04,1923.202684383889,grocery shopping apple,TXN001,IT,ACC4599,Tech Corp
624,2024-07-24,562.8235102363125,bought banana at store,PAY001,FR,ACC4395,Tech Corp
625,2024-01-26,3063.0940605143774,payment for services,TXN001,IT,ACC6398,Market Ltd
626,2024-02-07,1901.2006420532014,bought banana at store,TXN001,FR,ACC9086,Market Ltd
627,2024-01-13,3537.793952461443,bought banana at store,TXN002,DE,ACC5243,Food Store Inc
628,2024-07-03,296.3135775432927,payment for services,PAY001,ES,ACC3343,Tech Corp
629,2024-12-10,4623.208962574764,grocery shopping apple,PAY001,IT,ACC8526,Market Ltd
630,2024-08-19,2076.6926016520265,bought banana at store,PAY001,ES,ACC8715,Food Store Inc
631,2024-01-29,3561.774444380807,grocery shopping apple,TXN002,FR,ACC8346,Tech Corp
632,2024-04-22,4710.951666024678,payment for services,TXN001,ES,ACC2447,Food Store Inc
633,2024-10-30,557.1475595870714,bought banana at store,TXN002,FR,ACC7158,Market Ltd
634,2024-05-10,1482.0605516429257,grocery shopping apple,TXN001,DE,ACC8852,Market Ltd
635,2024-10-27,1762.1629776212187,payment for services,TXN002,ES,ACC5714,Food Store Inc
636,2024-10-04,3321.0424284885867,grocery shopping apple,TXN001,ES,ACC3453,Market Ltd
637,2024-03-05,1476.8098180248946,bought banana at store,TXN001,DE,ACC5438,Tech Corp
638,2024-12-22,2936.1917683982097,grocery shopping apple,PAY001,DE,ACC7073,Tech Corp
639,2024-12-19,995.1227367996675,grocery shopping apple,PAY001,IT,ACC2129,Food Store Inc
640,2024-12-15,2147.2534391437157,payment for services,PAY001,ES,ACC7251,Market Ltd
641,2024-05-06,2764.7018899394684,grocery shopping apple,TXN001,IT,ACC8187,Tech Corp
642,2024-08-22,1747.4372672746774,payment for services,TXN002,ES,ACC7752,Food Store Inc
643,2024-04-26,1467.0443200146776,payment for services,TXN001,FR,ACC5658,Tech Corp
644,2024-04-09,4831.355248560124,bought banana at store,TXN002,FR,ACC6536,Tech Corp
645,2024-10-15,3725.30775378884,bought banana at store,PAY001,IT,ACC6044,Tech Corp
646,2024-12-26,3176.5961877350032,bought banana at store,PAY001,IT,ACC4578,Tech Corp
647,2024-09-02,549.0717370725408,grocery shopping apple,PAY001,ES,ACC4369,Tech Corp
648,2024-05-22,4131.0258505565,payment for services,PAY001,ES,ACC9469,Market Ltd
649,2024-05-15,114.08767548474715,bought banana at store,TXN002,DE,ACC9434,Market Ltd
650,2024-04-18,4802.245060164213,grocery shopping apple,TXN001,FR,ACC2290,Food Store Inc
651,2024-12-29,477.51842326700154,payment for services,TXN001,FR,ACC2531,Food Store Inc
652,2024-06-19,4276.6956894017,bought banana at store,TXN001,FR,ACC8249,Market Ltd
653,2024-08-25,3072.927647967444,grocery shopping apple,TXN002,ES,ACC2863,Food Store Inc
654,2024-11-10,158.44620547012278,bought banana at store,TXN002,ES,ACC6494,Tech Corp
655,2024-05-08,2470.91905427245,grocery shopping apple,TXN002,ES,ACC3079,Food Store Inc
656,2024-11-16,1902.6126374998896,bought banana at store,TXN002,ES,ACC8653,Market Ltd
657,2024-10-06,4649.469045060043,payment for services,TXN001,ES,ACC6280,Food Store Inc
658,2024-04-30,4625.954002630268,bought banana at store,TXN002,FR,ACC8590,Tech Corp
659,2024-05-23,3298.187481028034,grocery shopping apple,TXN001,IT,ACC7899,Market Ltd
660,2024-02-09,4767.967710214504,payment for services,PAY001,FR,ACC8114,Tech Corp
661,2024-10-29,1995.1950196388157,grocery shopping apple,PAY001,FR,ACC6212,Tech Corp
662,2024-05-07,2863.7024298684632,payment for services,TXN001,DE,ACC7773,Tech Corp
663,2024-12-27,159.39833868828097,grocery shopping apple,TXN001,ES,ACC4916,Food Store Inc
664,2024-10-15,3994.3494785070047,payment for services,PAY001,ES,ACC4778,Market Ltd
665,2024-09-15,210.08842887804252,bought banana at store,PAY001,FR,ACC9797,Market Ltd
666,2024-04-28,252.9323106837211,payment for services,TXN001,FR,ACC3291,Market Ltd
667,2024-10-08,433.23349799238224,grocery shopping apple,TXN001,FR,ACC8724,Market Ltd
668,2024-12-09,3988.464129711885,grocery shopping apple,PAY001,ES,ACC4519,Food Store Inc
669,2024-07-27,628.4541146822203,grocery shopping apple,TXN002,DE,ACC9456,Food Store Inc
670,2024-01-16,379.31347303941817,grocery shopping apple,TXN002,ES,ACC4330,Tech Corp
671,2024-08-06,2470.130751327904,payment for services,TXN001,ES,ACC6998,Food Store Inc
672,2024-08-01,3776.154176789593,bought banana at store,TXN001,ES,ACC1081,Market Ltd
673,2024-11-19,3019.945891701202,bought banana at store,TXN002,DE,ACC9588,Tech Corp
674,2024-10-08,3353.362150268175,bought banana at store,PAY001,IT,ACC8460,Tech Corp
675,2024-11-06,3476.7704523379316,bought banana at store,TXN001,IT,ACC3212,Tech Corp
676,2024-03-12,180.98565947600542,grocery shopping apple,TXN002,DE,ACC1772,Food Store Inc
677,2024-07-09,1757.522678355596,bought banana at store,PAY001,IT,ACC7296,Tech Corp
678,2024-02-25,176.3690017671269,payment for services,TXN001,FR,ACC5116,Food Store Inc
679,2024-02-21,1510.3758214878665,bought banana at store,TXN001,FR,ACC5963,Tech Corp
680,2024-04-06,3506.3291780748127,grocery shopping apple,PAY001,DE,ACC9765,Tech Corp
681,2024-02-18,2006.238761620177,grocery shopping apple,TXN001,ES,ACC8287,Food Store Inc
682,2024-02-21,3195.1946700145977,payment for services,PAY001,FR,ACC4204,Market Ltd
683,2024-10-29,3969.1393992106946,bought banana at store,PAY001,IT,ACC6936,Tech Corp
684,2024-06-02,2021.3480223842648,grocery shopping apple,PAY001,ES,ACC8594,Tech Corp
685,2024-07-06,4597.460259842325,grocery shopping apple,PAY001,FR,ACC1347,Market Ltd
686,2024-09-17,311.63361789103516,bought banana at store,TXN001,ES,ACC5473,Tech Corp
687,2024-10-10,4233.124884060684,grocery shopping apple,PAY001,IT,ACC7893,Food Store Inc
688,2024-02-25,4702.130946142237,grocery shopping apple,PAY001,IT,ACC4147,Food Store Inc
689,2024-08-30,4579.83247984385,payment for services,TXN002,IT,ACC9507,Market Ltd
690,2024-01-05,3368.3614199373587,payment for services,PAY001,ES,ACC9831,Market Ltd
691,2024-08-18,1777.570536660864,payment for services,TXN001,ES,ACC3849,Food Store Inc
692,2024-02-12,633.5174664467162,grocery shopping apple,PAY001,FR,ACC1941,Market Ltd
693,2024-08-15,85.62725898572089,grocery shopping apple,PAY001,FR,ACC7814,Tech Corp
694,2024-02-10,2884.7295129512936,grocery shopping apple,TXN001,DE,ACC7077,Food Store Inc
695,2024-02-13,1848.651142859005,bought banana at store,TXN001,FR,ACC9116,Food Store Inc
696,2024-01-05,3782.3666477932134,bought banana at store,TXN001,DE,ACC1878,Tech Corp
697,2024-03-11,4543.3553647826575,payment for services,TXN002,FR,ACC7630,Food Store Inc
698,2024-06-18,4954.469253038768,bought banana at store,TXN001,DE,ACC8647,Tech Corp
699,2024-10-09,4694.9944037065,grocery shopping apple,PAY001,ES,ACC9887,Tech Corp
700,2024-02-12,2713.161582881063,grocery shopping apple,PAY001,FR,ACC5820,Food Store Inc
701,2024-03-30,784.6257702883047,grocery shopping apple,PAY001,DE,ACC7294,Tech Corp
702,2024-05-29,1830.8088101990013,payment for services,TXN001,DE,ACC6928,Food Store Inc
703,2024-10-25,525.4686935733175,grocery shopping apple,TXN002,FR,ACC1706,Tech Corp
704,2024-09-06,3117.1091210483964,bought banana at store,TXN002,DE,ACC9026,Food Store Inc
705,2024-04-11,4085.201511332549,grocery shopping apple,PAY001,IT,ACC7041,Food Store Inc
706,2024-04-08,778.5023063335994,grocery shopping apple,TXN002,FR,ACC7143,Market Ltd
707,2024-10-26,354.4907500418168,payment for services,PAY001,FR,ACC1854,Food Store Inc
708,2024-06-21,2059.339758332155,bought banana at store,PAY001,DE,ACC1587,Tech Corp
709,2024-03-16,1169.901240181343,payment for services,PAY001,ES,ACC2175,Tech Corp
710,2024-11-21,4947.040014449204,payment for services,TXN002,DE,ACC5157,Food Store Inc
711,2024-04-21,725.795617108092,grocery shopping apple,PAY001,DE,ACC2091,Food Store Inc
712,2024-08-01,167.7640669195169,payment for services,TXN002,FR,ACC8116,Tech Corp
713,2024-02-08,4770.285866990091,grocery shopping apple,TXN002,IT,ACC4425,Market Ltd
714,2024-01-07,4416.742749874516,bought banana at store,TXN001,ES,ACC7259,Market Ltd
715,2024-02-01,2990.5270305660097,grocery shopping apple,TXN001,ES,ACC8347,Tech Corp
716,2024-09-02,4908.063179074571,bought banana at store,PAY001,IT,ACC7577,Tech Corp
717,2024-10-23,1565.1184708249002,grocery shopping apple,TXN002,ES,ACC9345,Tech Corp
718,2024-02-10,269.97235598914807,payment for services,TXN001,IT,ACC5778,Food Store Inc
719,2024-01-01,519.5092591885194,payment for services,PAY001,FR,ACC1631,Market Ltd
720,2024-09-16,4162.402778992535,bought banana at store,TXN001,ES,ACC5352,Food Store Inc
721,2024-05-15,1793.6029626935908,grocery shopping apple,TXN002,IT,ACC3010,Market Ltd
722,2024-10-13,4182.551836843943,payment for services,TXN001,DE,ACC4081,Tech Corp
723,2024-08-04,1615.0538501656597,grocery shopping apple,PAY001,FR,ACC9984,Food Store Inc
724,2024-09-27,2253.28093333882,grocery shopping apple,TXN002,ES,ACC5882,Tech Corp
725,2024-04-01,1959.9074743549872,bought banana at store,PAY001,IT,ACC3188,Market Ltd
726,2024-04-07,3165.604419045363,payment for services,TXN001,FR,ACC9732,Tech Corp
727,2024-02-15,4615.944184913485,bought banana at store,TXN001,IT,ACC2022,Market Ltd
728,2024-09-14,4165.584683931193,bought banana at store,TXN001,FR,ACC5883,Tech Corp
729,2024-06-02,3642.133208730786,payment for services,PAY001,FR,ACC9130,Market Ltd
730,2024-04-08,1473.185255311036,payment for services,PAY001,FR,ACC6240,Market Ltd
731,2024-02-10,979.4042424156235,grocery shopping apple,TXN002,IT,ACC4044,Food Store Inc
732,2024-11-05,936.2790252759943,payment for services,TXN001,DE,ACC1156,Food Store Inc
733,2024-03-30,3578.0960520511157,bought banana at store,TXN001,FR,ACC6348,Market Ltd
734,2024-03-20,4831.437875503714,bought banana at store,PAY001,DE,ACC6805,Market Ltd
735,2024-11-03,2283.8987251086987,payment for services,TXN001,ES,ACC7077,Food Store Inc
736,2024-06-13,826.0606033238347,grocery shopping apple,PAY001,FR,ACC5608,Tech Corp
737,2024-08-01,446.04683195860014,grocery shopping apple,PAY001,DE,ACC1280,Tech Corp
738,2024-07-05,2188.0965311279656,grocery shopping apple,TXN001,FR,ACC9267,Market Ltd
739,2024-01-28,3843.3220968149426,bought banana at store,PAY001,ES,ACC2987,Market Ltd
740,2024-11-06,2943.5379565775943,bought banana at store,PAY001,FR,ACC3878,Market Ltd
741,2024-09-04,1119.3739457157455,bought banana at store,PAY001,DE,ACC6420,Food Store Inc
742,2024-05-24,2824.7563111403847,payment for services,PAY001,ES,ACC1178,Food Store Inc
743,2024-10-27,1092.341844120473,grocery shopping apple,TXN002,ES,ACC3172,Tech Corp
744,2024-03-25,4536.722867425992,grocery shopping apple,PAY001,DE,ACC7290,Tech Corp
745,2024-12-29,4061.105955638669,payment for services,TXN001,ES,ACC5060,Tech Corp
746,2024-05-28,3070.4439035797463,bought banana at store,TXN002,IT,ACC1679,Food Store Inc
747,2024-04-05,4041.1895073954083,grocery shopping apple,TXN002,DE,ACC9370,Tech Corp
748,2024-04-08,3336.921691455512,payment for services,PAY001,ES,ACC6882,Tech Corp
749,2024-01-29,2830.786903041871,grocery shopping apple,TXN001,DE,ACC6977,Tech Corp
750,2024-06-06,1804.3544905385063,bought banana at store,TXN001,ES,ACC7626,Market Ltd
751,2024-06-01,3498.0566799623834,payment for services,PAY001,ES,ACC1683,Food Store Inc
752,2024-04-22,3490.38196251122,payment for services,TXN002,IT,ACC7550,Market Ltd
753,2024-04-10,962.1171642567356,payment for services,TXN002,ES,ACC4677,Tech Corp
754,2024-11-09,2577.315635844906,bought banana at store,TXN002,DE,ACC7524,Tech Corp
755,2024-03-19,1288.0956754010701,grocery shopping apple,PAY001,FR,ACC6676,Market Ltd
756,2024-05-31,4175.897111650338,grocery shopping apple,TXN001,FR,ACC4495,Tech Corp
757,2024-01-20,949.3341686705016,grocery shopping apple,TXN002,ES,ACC9146,Food Store Inc
758,2024-06-17,1942.7134527692674,bought banana at store,PAY001,IT,ACC7628,Tech Corp
759,2024-09-07,2859.177707495337,payment for services,TXN001,ES,ACC8224,Food Store Inc
760,2024-08-13,1307.7195621286587,grocery shopping apple,TXN001,ES,ACC8806,Market Ltd
761,2024-09-16,4327.389577759021,grocery shopping apple,TXN001,ES,ACC4376,Tech Corp
762,2024-11-08,3823.329123856422,grocery shopping apple,PAY001,ES,ACC4211,Food Store Inc
763,2024-11-09,1028.9461159302425,grocery shopping apple,PAY001,IT,ACC7508,Market Ltd
764,2024-04-18,4965.444897235079,grocery shopping apple,TXN001,ES,ACC9673,Tech Corp
765,2024-02-01,888.0360392786387,payment for services,PAY001,DE,ACC9241,Tech Corp
766,2024-05-22,3824.779715651202,bought banana at store,PAY001,ES,ACC6871,Food Store Inc
767,2024-06-12,1530.6800892654248,payment for services,PAY001,ES,ACC9616,Food Store Inc
768,2024-11-18,1012.845510776071,bought banana at store,TXN002,FR,ACC3555,Market Ltd
769,2024-10-20,2952.0424416621477,grocery shopping apple,TXN001,IT,ACC9003,Tech Corp
770,2024-05-28,686.9478547568184,bought banana at store,TXN001,ES,ACC9284,Food Store Inc
771,2024-06-06,2816.036443696756,bought banana at store,TXN002,DE,ACC5846,Market Ltd
772,2024-09-15,4281.465646748582,bought banana at store,TXN001,FR,ACC3331,Market Ltd
773,2024-10-14,559.6447760120416,payment for services,PAY001,FR,ACC8317,Tech Corp
774,2024-08-19,585.7806690679247,grocery shopping apple,PAY001,ES,ACC8759,Food Store Inc
775,2024-01-22,793.2876225654682,grocery shopping apple,TXN002,IT,ACC1125,Food Store Inc
776,2024-03-09,2637.6479373479174,grocery shopping apple,TXN002,DE,ACC1938,Tech Corp
777,2024-03-02,2475.6088079682063,grocery shopping apple,TXN002,IT,ACC7697,Food Store Inc
778,2024-04-02,907.9831257905743,payment for services,PAY001,DE,ACC4038,Food Store Inc
779,2024-06-11,2140.7466456607576,bought banana at store,TXN002,FR,ACC5884,Market Ltd
780,2024-07-12,740.231348233054,payment for services,TXN001,DE,ACC5326,Food Store Inc
781,2024-11-11,1759.0702990489633,grocery shopping apple,PAY001,ES,ACC1988,Tech Corp
782,2024-05-20,665.4760851361715,payment for services,PAY001,ES,ACC2440,Market Ltd
783,2024-06-09,2170.8919202044704,grocery shopping apple,TXN001,IT,ACC1457,Market Ltd
784,2024-10-15,4210.049463206929,payment for services,TXN002,ES,ACC9763,Tech Corp
785,2024-07-08,2352.2745508406974,bought banana at store,TXN002,IT,ACC9089,Food Store Inc
786,2024-02-09,3883.2036901600213,bought banana at store,PAY001,DE,ACC3355,Tech Corp
787,2024-01-06,3546.6362174134597,bought banana at store,TXN002,IT,ACC9828,Tech Corp
788,2024-12-20,1407.0843924800743,bought banana at store,TXN002,ES,ACC2866,Food Store Inc
789,2024-07-11,4713.1035787633755,grocery shopping apple,PAY001,ES,ACC7034,Food Store Inc
790,2024-10-28,3946.0816758991973,grocery shopping apple,TXN001,ES,ACC9964,Market Ltd
791,2024-12-04,2572.250878291238,bought banana at store,TXN001,ES,ACC4151,Market Ltd
792,2024-11-29,4147.848941506646,grocery shopping apple,TXN001,ES,ACC6802,Food Store Inc
793,2024-09-19,3165.162780427306,payment for services,TXN001,IT,ACC3758,Tech Corp
794,2024-03-03,3737.1882630942896,grocery shopping apple,PAY001,ES,ACC9642,Tech Corp
795,2024-08-10,1643.1459240768625,grocery shopping apple,TXN001,DE,ACC7048,Tech Corp
796,2024-05-28,4308.067978413424,payment for services,TXN002,ES,ACC1616,Food Store Inc
797,2024-02-09,2571.1825655037906,grocery shopping apple,TXN001,IT,ACC2059,Market Ltd
798,2024-03-08,1707.795670529188,bought banana at store,TXN002,ES,ACC7863,Food Store Inc
799,2024-10-08,3719.6635578567902,grocery shopping apple,TXN001,DE,ACC5291,Tech Corp
800,2024-02-03,2261.2423269558903,payment for services,TXN001,IT,ACC6396,Food Store Inc
801,2024-08-15,2731.1706229940014,payment for services,PAY001,DE,ACC4864,Food Store Inc
802,2024-07-31,973.2240338471186,payment for services,TXN002,ES,ACC8923,Food Store Inc
803,2024-06-06,4044.9979511054175,bought banana at store,TXN001,IT,ACC7649,Food Store Inc
804,2024-12-04,3498.9278148309745,grocery shopping apple,TXN002,DE,ACC7093,Tech Corp
805,2024-10-28,3310.7483822061354,bought banana at store,PAY001,ES,ACC4019,Food Store Inc
806,2024-01-26,461.87677066988965,bought banana at store,TXN001,IT,ACC8282,Tech Corp
807,2024-05-21,3733.719166920714,bought banana at store,PAY001,IT,ACC6665,Tech Corp
808,2024-11-28,2176.6564154029425,bought banana at store,TXN002,DE,ACC2234,Food Store Inc
809,2024-03-28,2205.851978117742,payment for services,PAY001,DE,ACC6779,Market Ltd
810,2024-07-06,1133.154313080889,grocery shopping apple,TXN002,ES,ACC8992,Market Ltd
811,2024-04-14,1985.3514573344612,payment for services,TXN002,FR,ACC7855,Food Store Inc
812,2024-12-12,3739.125195359901,payment for services,TXN001,DE,ACC3779,Market Ltd
813,2024-02-26,4716.94885541913,grocery shopping apple,PAY001,IT,ACC1092,Food Store Inc
814,2024-09-18,13.563067112003608,bought banana at store,TXN002,FR,ACC7236,Food Store Inc
815,2024-07-21,2182.817223685835,bought banana at store,TXN002,ES,ACC9694,Tech Corp
816,2024-03-09,2996.671039415859,bought banana at store,TXN002,IT,ACC5456,Food Store Inc
817,2024-10-10,2384.912349160786,bought banana at store,TXN002,ES,ACC4184,Tech Corp
818,2024-11-29,4014.509855254887,bought banana at store,TXN001,ES,ACC4826,Food Store Inc
819,2024-01-06,2306.9118453214005,grocery shopping apple,TXN001,DE,ACC1910,Food Store Inc
820,2024-03-12,1328.0020104701343,payment for services,PAY001,ES,ACC8118,Food Store Inc
821,2024-12-12,3365.5068125296416,bought banana at store,PAY001,ES,ACC6113,Tech Corp
822,2024-02-24,932.326252367708,grocery shopping apple,PAY001,ES,ACC1806,Food Store Inc
823,2024-11-02,764.6674377648932,bought banana at store,PAY001,FR,ACC7249,Tech Corp
824,2024-02-22,559.8706604870574,bought banana at store,PAY001,IT,ACC1550,Market Ltd
825,2024-10-26,3517.1691848713704,payment for services,TXN001,FR,ACC4398,Tech Corp
826,2024-01-04,264.9638939317832,payment for services,PAY001,FR,ACC3578,Market Ltd
827,2024-08-31,2127.599370878943,bought banana at store,PAY001,DE,ACC5679,Tech Corp
828,2024-01-15,2220.431396856762,grocery shopping apple,TXN001,ES,ACC3150,Market Ltd
829,2024-10-28,3211.5246260645386,grocery shopping apple,PAY001,ES,ACC1530,Market Ltd
830,2024-08-23,3208.3157568101688,grocery shopping apple,TXN002,FR,ACC9960,Market Ltd
831,2024-06-18,4949.364723159098,bought banana at store,TXN001,IT,ACC1031,Market Ltd
832,2024-12-14,130.36795310257122,grocery shopping apple,TXN001,ES,ACC7079,Food Store Inc
833,2024-10-19,4773.542176112088,grocery shopping apple,TXN001,IT,ACC6048,Tech Corp
834,2024-11-29,1224.2600127741277,bought banana at store,PAY001,ES,ACC1581,Tech Corp
835,2024-04-05,3490.487955359781,bought banana at store,PAY001,IT,ACC9436,Market Ltd
836,2024-07-10,4098.3007747719475,grocery shopping apple,PAY001,DE,ACC7768,Tech Corp
837,2024-02-13,1575.630525600314,payment for services,PAY001,ES,ACC3000,Tech Corp
838,2024-09-30,803.3608798661788,bought banana at store,TXN002,DE,ACC7262,Food Store Inc
839,2024-04-01,2052.9808342685305,grocery shopping apple,TXN001,ES,ACC4369,Food Store Inc
840,2024-11-08,3898.0396418729406,bought banana at store,TXN002,DE,ACC6653,Tech Corp
841,2024-12-01,177.18677209140793,grocery shopping apple,TXN002,DE,ACC8108,Market Ltd
842,2024-01-22,457.57257092389983,bought banana at store,TXN001,IT,ACC1423,Tech Corp
843,2024-08-18,220.83046280194938,grocery shopping apple,TXN001,IT,ACC2262,Market Ltd
844,2024-12-03,4428.630884858299,grocery shopping apple,PAY001,FR,ACC2385,Market Ltd
845,2024-05-17,1781.933686165227,bought banana at store,PAY001,FR,ACC1458,Tech Corp
846,2024-06-03,4759.677559051665,payment for services,PAY001,FR,ACC6499,Food Store Inc
847,2024-03-17,903.267715416957,payment for services,PAY001,FR,ACC8586,Food Store Inc
848,2024-12-30,2709.4125815435727,bought banana at store,TXN001,IT,ACC9397,Food Store Inc
849,2024-01-14,197.15414261722677,payment for services,PAY001,DE,ACC8810,Tech Corp
850,2024-07-08,4085.4445556552364,grocery shopping apple,PAY001,IT,ACC2043,Market Ltd
851,2024-01-23,1475.616312330505,grocery shopping apple,TXN001,ES,ACC7341,Food Store Inc
852,2024-03-20,1950.214744945355,bought banana at store,TXN001,ES,ACC6844,Tech Corp
853,2024-12-19,157.34327596076065,grocery shopping apple,TXN002,ES,ACC2927,Tech Corp
854,2024-08-17,1625.2448331388011,grocery shopping apple,TXN002,FR,ACC6463,Market Ltd
855,2024-07-16,3937.087984201275,bought banana at store,PAY001,FR,ACC2306,Food Store Inc
856,2024-07-23,1997.0845145783758,grocery shopping apple,TXN001,DE,ACC9306,Tech Corp
857,2024-01-16,238.607546699363,grocery shopping apple,TXN002,IT,ACC3834,Market Ltd
858,2024-11-26,3699.4509949921726,bought banana at store,PAY001,IT,ACC5018,Market Ltd
859,2024-03-21,3974.942057554894,bought banana at store,TXN001,IT,ACC2397,Food Store Inc
860,2024-03-05,518.0231464965239,payment for services,TXN001,DE,ACC6166,Food Store Inc
861,2024-05-27,3417.7465109060618,payment for services,TXN001,FR,ACC1186,Tech Corp
862,2024-06-02,1534.8941734401656,bought banana at store,TXN002,IT,ACC2505,Market Ltd
863,2024-12-12,3131.617825597156,bought banana at store,TXN001,DE,ACC3890,Tech Corp
864,2024-04-13,3299.368611246189,grocery shopping apple,TXN002,FR,ACC1674,Food Store Inc
865,2024-06-12,2260.552539868319,payment for services,TXN001,ES,ACC4516,Food Store Inc
866,2024-07-27,1023.3726930072519,grocery shopping apple,TXN002,ES,ACC2676,Tech Corp
867,2024-03-17,4419.142533072573,payment for services,PAY001,ES,ACC7756,Tech Corp
868,2024-11-11,3039.0554583457483,grocery shopping apple,TXN001,DE,ACC8044,Tech Corp
869,2024-01-21,4439.823224421466,bought banana at store,TXN001,IT,ACC5630,Market Ltd
870,2024-12-09,2646.136298696185,grocery shopping apple,TXN001,ES,ACC7897,Tech Corp
871,2024-03-26,2258.656016289359,bought banana at store,TXN001,FR,ACC9619,Food Store Inc
872,2024-12-06,4281.574799303051,payment for services,TXN001,FR,ACC3309,Food Store Inc
873,2024-08-16,11.175236059749576,grocery shopping apple,TXN002,FR,ACC3257,Food Store Inc
874,2024-09-25,1100.6766233152628,payment for services,TXN001,IT,ACC2047,Tech Corp
875,2024-03-06,2011.6534064526288,bought banana at store,TXN002,FR,ACC6426,Market Ltd
876,2024-11-23,17.7106007411151,payment for services,TXN002,ES,ACC7743,Food Store Inc
877,2024-01-10,2070.2245522130524,bought banana at store,PAY001,FR,ACC2212,Market Ltd
878,2024-05-18,3835.0725958619673,payment for services,PAY001,IT,ACC6967,Tech Corp
879,2024-10-09,4231.521744384732,payment for services,TXN002,FR,ACC9348,Tech Corp
880,2024-04-18,3022.4017817963704,grocery shopping apple,PAY001,ES,ACC8907,Market Ltd
881,2024-03-05,2149.0729881756993,payment for services,TXN001,ES,ACC7494,Tech Corp
882,2024-09-21,3063.2691452483527,payment for services,PAY001,FR,ACC5470,Food Store Inc
883,2024-07-29,1614.7618867263418,bought banana at store,TXN002,IT,ACC8805,Food Store Inc
884,2024-07-10,440.91150139097596,bought banana at store,TXN002,IT,ACC9810,Food Store Inc
885,2024-07-19,1286.9212491057176,grocery shopping apple,TXN002,DE,ACC1424,Food Store Inc
886,2024-09-09,932.7743398821838,grocery shopping apple,TXN001,ES,ACC5691,Market Ltd
887,2024-11-15,1297.275614205162,bought banana at store,PAY001,FR,ACC2140,Tech Corp
888,2024-06-02,705.2009866492143,bought banana at store,TXN001,ES,ACC6576,Food Store Inc
889,2024-01-08,585.4632532142253,payment for services,PAY001,IT,ACC5383,Food Store Inc
890,2024-03-13,2194.225007459971,bought banana at store,TXN001,ES,ACC2004,Market Ltd
891,2024-03-23,3061.7055639564524,payment for services,PAY001,DE,ACC8366,Food Store Inc
892,2024-01-23,4516.478395990304,payment for services,PAY001,IT,ACC5466,Tech Corp
893,2024-05-23,3146.181464504386,grocery shopping apple,PAY001,FR,ACC2427,Food Store Inc
894,2024-12-14,4966.930674253828,grocery shopping apple,TXN001,IT,ACC2871,Food Store Inc
895,2024-10-29,1788.5725352689722,bought banana at store,TXN001,FR,ACC6517,Market Ltd
896,2024-03-23,3803.4572403916286,grocery shopping apple,TXN001,IT,ACC9508,Tech Corp
897,2024-07-22,3720.4187823394786,bought banana at store,PAY001,FR,ACC2349,Market Ltd
898,2024-05-30,194.23104621442823,bought banana at store,PAY001,FR,ACC7555,Tech Corp
899,2024-04-16,3548.6144779409933,grocery shopping apple,TXN002,ES,ACC6635,Market Ltd
900,2024-07-25,4658.284487124979,payment for services,TXN001,ES,ACC4013,Tech Corp
901,2024-02-27,2843.0754222336927,payment for services,TXN002,DE,ACC5092,Tech Corp
902,2024-07-19,893.4661120869623,grocery shopping apple,TXN001,FR,ACC1284,Market Ltd
903,2024-09-05,4465.203464143969,grocery shopping apple,TXN002,FR,ACC8161,Food Store Inc
904,2024-08-03,2452.6529480474824,payment for services,TXN002,ES,ACC7217,Market Ltd
905,2024-07-26,1824.7742050865893,payment for services,TXN001,ES,ACC5148,Market Ltd
906,2024-07-28,2767.851127591553,bought banana at store,TXN002,IT,ACC7178,Tech Corp
907,2024-09-24,514.4556762535619,grocery shopping apple,TXN002,ES,ACC4933,Food Store Inc
908,2024-09-12,4846.030845499094,bought banana at store,TXN002,IT,ACC2100,Market Ltd
909,2024-10-19,4453.462977568838,grocery shopping apple,PAY001,ES,ACC2366,Market Ltd
910,2024-07-21,331.4233950640074,bought banana at store,TXN001,ES,ACC1231,Market Ltd
911,2024-01-10,2315.7236683441565,bought banana at store,TXN002,FR,ACC6391,Market Ltd
912,2024-06-10,2029.9763117711427,payment for services,TXN002,IT,ACC4472,Tech Corp
913,2024-02-27,1106.6111673345788,bought banana at store,PAY001,ES,ACC8529,Food Store Inc
914,2024-08-30,2782.0323656311884,bought banana at store,TXN001,DE,ACC1221,Food Store Inc
915,2024-05-29,4938.214800518263,bought banana at store,PAY001,DE,ACC3258,Food Store Inc
916,2024-12-04,1352.6449584124464,bought banana at store,TXN001,DE,ACC9407,Food Store Inc
917,2024-03-06,105.86924471306786,grocery shopping apple,TXN001,DE,ACC4617,Market Ltd
918,2024-07-13,4126.065090033374,grocery shopping apple,TXN001,ES,ACC4145,Food Store Inc
919,2024-07-11,1850.02780137624,bought banana at store,TXN001,DE,ACC1847,Market Ltd
920,2024-12-28,4892.225266247685,bought banana at store,PAY001,FR,ACC2701,Tech Corp
921,2024-03-28,1856.2496795693291,payment for services,TXN001,FR,ACC2450,Food Store Inc
922,2024-05-24,2452.5203725468996,payment for services,TXN001,DE,ACC4484,Tech Corp
923,2024-07-04,145.15918746883125,payment for services,TXN001,DE,ACC2775,Tech Corp
924,2024-03-30,4234.122955829203,grocery shopping apple,PAY001,ES,ACC2658,Tech Corp
925,2024-12-22,1396.6987786224277,payment for services,TXN002,FR,ACC6505,Tech Corp
926,2024-09-12,4875.5563755808325,grocery shopping apple,TXN001,ES,ACC7050,Market Ltd
927,2024-06-27,3347.24307535965,bought banana at store,PAY001,ES,ACC4689,Tech Corp
928,2024-05-22,594.5007441905422,grocery shopping apple,TXN002,IT,ACC1312,Market Ltd
929,2024-10-06,2969.691321762497,payment for services,TXN002,ES,ACC1800,Tech Corp
930,2024-07-28,4126.9449373148445,bought banana at store,TXN002,IT,ACC3430,Tech Corp
931,2024-02-04,3540.4498234296148,bought banana at store,TXN001,FR,ACC1409,Food Store Inc
932,2024-11-21,1332.7283212520476,grocery shopping apple,PAY001,ES,ACC2384,Tech Corp
933,2024-05-03,4455.34581075997,payment for services,PAY001,IT,ACC1852,Food Store Inc
934,2024-10-10,3107.805863033658,grocery shopping apple,TXN002,DE,ACC7808,Tech Corp
935,2024-11-19,4548.633916103151,grocery shopping apple,TXN002,IT,ACC6219,Tech Corp
936,2024-08-18,2044.7788175606333,payment for services,TXN002,IT,ACC4442,Food Store Inc
937,2024-09-03,966.9517444232529,payment for services,PAY001,FR,ACC9222,Food Store Inc
938,2024-02-25,3165.879384331238,grocery shopping apple,PAY001,FR,ACC7803,Market Ltd
939,2024-11-23,3503.002289309146,payment for services,TXN002,FR,ACC6091,Market Ltd
940,2024-03-31,464.01381175436364,payment for services,TXN001,FR,ACC5729,Tech Corp
941,2024-11-02,1018.7194903636047,payment for services,TXN001,FR,ACC9434,Market Ltd
942,2024-03-28,3914.658874774094,payment for services,TXN002,IT,ACC9302,Tech Corp
943,2024-04-21,4929.803294119123,bought banana at store,TXN001,ES,ACC4703,Market Ltd
944,2024-09-13,3605.25905863089,payment for services,PAY001,IT,ACC2826,Tech Corp
945,2024-06-25,4713.562797346262,bought banana at store,TXN001,ES,ACC6083,Market Ltd
946,2024-06-08,402.96446579386196,payment for services,TXN002,FR,ACC7119,Market Ltd
947,2024-10-16,544.7849748715593,bought banana at store,TXN002,IT,ACC6176,Food Store Inc
948,2024-10-15,2669.5370297868944,payment for services,PAY001,ES,ACC9602,Market Ltd
949,2024-01-04,444.2950687637461,bought banana at store,PAY001,ES,ACC5678,Tech Corp
950,2024-09-11,2246.411223352767,bought banana at store,TXN001,DE,ACC2071,Market Ltd
951,2024-12-18,2637.6585792227866,grocery shopping apple,PAY001,ES,ACC8010,Market Ltd
952,2024-08-08,4801.06010158363,bought banana at store,TXN002,ES,ACC1922,Tech Corp
953,2024-12-16,1551.06947196425,grocery shopping apple,TXN001,ES,ACC2374,Food Store Inc
954,2024-07-05,581.205360471087,payment for services,PAY001,IT,ACC7173,Market Ltd
955,2024-12-09,4339.3118511373505,bought banana at store,TXN001,DE,ACC9044,Market Ltd
956,2024-11-03,2695.4199201662063,grocery shopping apple,PAY001,DE,ACC1263,Market Ltd
957,2024-05-29,1331.7337892716569,grocery shopping apple,TXN002,FR,ACC2948,Food Store Inc
958,2024-11-02,1356.82864078016,payment for services,TXN002,FR,ACC4860,Tech Corp
959,2024-08-03,4284.299333542741,payment for services,TXN002,ES,ACC4251,Market Ltd
960,2024-12-24,648.1301144206615,grocery shopping apple,TXN002,ES,ACC9121,Food Store Inc
961,2024-04-24,3084.5973609736916,payment for services,TXN001,ES,ACC5084,Food Store Inc
962,2024-01-30,4387.724543802873,payment for services,PAY001,IT,ACC6541,Food Store Inc
963,2024-01-22,2494.543334289708,bought banana at store,TXN002,DE,ACC8141,Food Store Inc
964,2024-10-20,2991.153065862308,bought banana at store,PAY001,IT,ACC7142,Tech Corp
965,2024-11-04,4854.465610761417,grocery shopping apple,TXN001,ES,ACC1371,Tech Corp
966,2024-12-26,3228.4512157218674,payment for services,TXN002,IT,ACC8668,Market Ltd
967,2024-05-17,3482.232405287672,grocery shopping apple,PAY001,DE,ACC4068,Food Store Inc
968,2024-08-17,2667.9646319623944,bought banana at store,TXN002,FR,ACC5384,Food Store Inc
969,2024-02-04,703.5445172332659,payment for services,TXN002,DE,ACC4532,Market Ltd
970,2024-07-22,1692.0026592539996,grocery shopping apple,PAY001,DE,ACC9721,Tech Corp
971,2024-11-29,3589.578872116514,payment for services,TXN002,DE,ACC1220,Tech Corp
972,2024-01-30,88.88175442910682,bought banana at store,TXN002,ES,ACC9858,Tech Corp
973,2024-05-04,4793.097083157803,bought banana at store,TXN002,IT,ACC6436,Market Ltd
974,2024-10-09,2512.0508150934384,bought banana at store,PAY001,ES,ACC7210,Food Store Inc
975,2024-05-15,4542.702515400275,bought banana at store,PAY001,FR,ACC9471,Market Ltd
976,2024-03-25,3450.7516273512233,bought banana at store,TXN002,FR,ACC8929,Food Store Inc
977,2024-01-01,4433.466094381659,payment for services,TXN001,IT,ACC9838,Market Ltd
978,2024-06-06,1021.493945301516,grocery shopping apple,TXN002,IT,ACC6079,Market Ltd
979,2024-02-11,3040.8372686523307,grocery shopping apple,PAY001,FR,ACC2095,Food Store Inc
980,2024-02-29,3026.0259113971806,payment for services,TXN001,ES,ACC2356,Market Ltd
981,2024-09-25,3397.270770015527,payment for services,TXN001,ES,ACC1698,Tech Corp
982,2024-02-09,3702.0934318518325,grocery shopping apple,TXN002,FR,ACC5351,Tech Corp
983,2024-05-18,4704.01235062543,grocery shopping apple,PAY001,ES,ACC5689,Tech Corp
984,2024-05-18,2981.254078928082,payment for services,TXN001,IT,ACC9982,Tech Corp
985,2024-09-26,2634.2002110292096,bought banana at store,PAY001,FR,ACC4349,Food Store Inc
986,2024-11-26,2783.9931284754216,payment for services,PAY001,DE,ACC2911,Food Store Inc
987,2024-09-28,683.2310763905858,bought banana at store,TXN002,FR,ACC8949,Food Store Inc
988,2024-01-12,2838.94837308903,payment for services,PAY001,IT,ACC2746,Market Ltd
989,2024-06-28,4118.489134972145,payment for services,PAY001,DE,ACC1943,Market Ltd
990,2024-09-08,3375.6157158559045,payment for services,TXN002,IT,ACC6168,Food Store Inc
991,2024-02-02,2787.8830363907227,grocery shopping apple,TXN002,FR,ACC4883,Food Store Inc
992,2024-06-02,1981.775202083156,bought banana at store,TXN002,ES,ACC2037,Tech Corp
993,2024-11-01,727.8283082977283,grocery shopping apple,TXN001,ES,ACC9911,Food Store Inc
994,2024-02-03,2916.201964702866,bought banana at store,PAY001,FR,ACC5855,Food Store Inc
995,2024-11-03,3349.171773134318,grocery shopping apple,PAY001,IT,ACC3681,Tech Corp
996,2024-12-24,3563.9809995494506,grocery shopping apple,TXN002,DE,ACC9174,Tech Corp
997,2024-08-19,3083.317831961252,grocery shopping apple,TXN001,FR,ACC5119,Food Store Inc
998,2024-08-28,1550.4834630551493,grocery shopping apple,PAY001,FR,ACC3404,Tech Corp
999,2024-01-16,1289.8565895597972,payment for services,TXN001,FR,ACC1665,Food Store Inc
